signal_timestamp,signal_type,signal_symbol,signal_strength,entry_order_id,entry_price,entry_quantity,entry_time,exit_order_id,exit_type,exit_price,exit_quantity,exit_time,pnl,pnl_pct
2026-04-06 14:07:00,SELL,SPY,0.86,,,,,,,,,,,
2026-04-06 14:41:00,SELL,SPXU,0.52,,,,,,,,,,,
2026-04-06 14:44:00,BUY,UPRO,0.54,local-c44d03e1-c9ef-4545-95e6-0b6fe8619fd4,100.27,997,2026-04-06 14:44:00,local-90d42691-f337-4193-8547-56180113ee35,STOP,98.23,997,2026-04-07 10:03:00,-2033.88,-2.0345
2026-04-06 15:14:00,SELL,SPY,0.51,,,,,,,,,,,
2026-04-06 16:17:00,BUY,SPY,0.6,,,,,,,,,,,
2026-04-06 16:51:00,BUY,SPY,0.67,,,,,,,,,,,
2026-04-06 18:07:00,BUY,SPXU,0.53,,,,,,,,,,,
2026-04-06 19:02:00,BUY,UPRO,0.67,,,,,,,,,,,
2026-04-06 19:14:00,SELL,SPY,0.51,,,,,,,,,,,
2026-04-07 00:23:00,SELL,SPY,0.71,,,,,,,,,,,
2026-04-07 00:23:00,SELL,UPRO,0.69,,,,,,,,,,,
2026-04-07 00:25:00,SELL,SPY,0.58,,,,,,,,,,,
2026-04-07 00:25:00,SELL,UPRO,0.55,,,,,,,,,,,
2026-04-07 01:18:00,BUY,SPXU,0.52,,,,,,,,,,,
2026-04-07 01:23:00,BUY,SPXU,0.53,,,,,,,,,,,
2026-04-07 01:27:00,BUY,SPXU,0.57,,,,,,,,,,,
2026-04-07 02:40:00,SELL,SPXU,0.57,,,,,,,,,,,
2026-04-07 02:42:00,BUY,SPY,0.57,,,,,,,,,,,
2026-04-07 02:44:00,SELL,SPXU,0.69,,,,,,,,,,,
2026-04-07 02:44:00,BUY,SPY,0.55,,,,,,,,,,,
2026-04-07 02:44:00,BUY,UPRO,0.66,,,,,,,,,,,
2026-04-07 02:51:00,BUY,SPY,0.56,,,,,,,,,,,
2026-04-07 04:17:00,BUY,UPRO,0.51,,,,,,,,,,,
2026-04-07 04:26:00,SELL,UPRO,0.69,,,,,,,,,,,
2026-04-07 04:30:00,BUY,SPXU,0.51,,,,,,,,,,,
2026-04-07 04:30:00,SELL,SPY,0.53,,,,,,,,,,,
2026-04-07 04:43:00,BUY,SPY,0.72,,,,,,,,,,,
2026-04-07 04:49:00,BUY,UPRO,0.61,,,,,,,,,,,
2026-04-07 04:50:00,BUY,SPY,0.53,,,,,,,,,,,
2026-04-07 05:20:00,BUY,SPY,0.53,,,,,,,,,,,
2026-04-07 05:22:00,SELL,SPXU,0.69,,,,,,,,,,,
2026-04-07 05:51:00,BUY,SPY,0.59,,,,,,,,,,,
2026-04-07 05:51:00,BUY,UPRO,0.59,,,,,,,,,,,
2026-04-07 06:13:00,SELL,SPXU,0.57,,,,,,,,,,,
2026-04-07 06:13:00,BUY,SPY,0.55,,,,,,,,,,,
2026-04-07 06:13:00,BUY,UPRO,0.57,,,,,,,,,,,
2026-04-07 06:22:00,BUY,SPXU,0.71,,,,,,,,,,,
2026-04-07 06:22:00,SELL,SPY,0.73,,,,,,,,,,,
2026-04-07 06:22:00,SELL,UPRO,0.7,,,,,,,,,,,
2026-04-07 06:25:00,SELL,UPRO,0.7,,,,,,,,,,,
2026-04-07 07:03:00,BUY,UPRO,0.68,,,,,,,,,,,
2026-04-07 07:09:00,BUY,UPRO,0.76,,,,,,,,,,,
2026-04-07 08:54:00,SELL,SPY,0.52,,,,,,,,,,,
2026-04-07 09:21:00,BUY,UPRO,0.51,,,,,,,,,,,
2026-04-07 10:08:00,SELL,SPXU,0.55,,,,,,,,,,,
2026-04-07 10:08:00,BUY,SPY,0.52,,,,,,,,,,,
2026-04-07 10:43:00,SELL,SPXU,0.55,,,,,,,,,,,
2026-04-07 10:43:00,BUY,UPRO,0.61,local-a5264f8e-6967-4118-ba52-00c41e7ca471,99.1001,988,2026-04-07 10:43:00,local-602dd38f-5df9-449e-ac9d-82c268cbeb28,PROFIT,101.18,988,2026-04-07 12:03:00,2054.9412,2.0988
2026-04-07 13:05:00,BUY,UPRO,0.71,local-5fc226f2-5444-477e-af7b-055b3aa87d1b,99.69,1003,2026-04-07 13:05:00,local-21d82a0e-03f6-4d06-84ac-62c7ab214b3a,PROFIT,101.68,1003,2026-04-07 13:59:00,1995.97,1.9962
2026-04-07 13:37:00,BUY,SPXU,0.66,,,,,,,,,,,
2026-04-07 14:06:00,SELL,UPRO,0.56,,,,,,,,,,,
2026-04-07 14:07:00,BUY,SPXU,0.53,,,,,,,,,,,
2026-04-07 14:13:00,BUY,SPXU,0.55,,,,,,,,,,,
2026-04-07 15:04:00,SELL,SPY,0.58,,,,,,,,,,,
2026-04-07 15:22:00,SELL,SPY,0.61,,,,,,,,,,,
2026-04-07 15:26:00,SELL,SPY,0.66,,,,,,,,,,,
2026-04-07 15:31:00,SELL,SPY,0.51,,,,,,,,,,,
2026-04-07 15:39:00,BUY,SPY,0.57,,,,,,,,,,,
2026-04-07 16:24:00,SELL,SPXU,0.55,,,,,,,,,,,
2026-04-07 19:04:00,BUY,SPXU,0.66,,,,,,,,,,,
2026-04-07 19:04:00,SELL,SPY,0.58,,,,,,,,,,,
2026-04-07 19:04:00,SELL,UPRO,0.72,,,,,,,,,,,
2026-04-07 19:06:00,BUY,SPXU,0.58,,,,,,,,,,,
2026-04-07 19:22:00,SELL,SPY,0.61,,,,,,,,,,,
2026-04-07 19:26:00,SELL,SPY,0.66,,,,,,,,,,,
2026-04-07 19:31:00,SELL,SPY,0.51,,,,,,,,,,,
2026-04-07 19:39:00,BUY,SPY,0.57,,,,,,,,,,,
2026-04-08 00:20:00,SELL,SPY,0.58,,,,,,,,,,,
2026-04-08 00:58:00,SELL,SPY,0.72,,,,,,,,,,,
2026-04-08 01:02:00,SELL,SPY,0.51,,,,,,,,,,,
2026-04-08 01:19:00,SELL,SPY,0.64,,,,,,,,,,,
2026-04-08 01:22:00,SELL,SPY,0.5,,,,,,,,,,,
2026-04-08 02:29:00,SELL,SPY,0.63,,,,,,,,,,,
2026-04-08 02:34:00,SELL,SPY,0.54,,,,,,,,,,,
2026-04-08 03:23:00,BUY,SPXU,0.58,,,,,,,,,,,
2026-04-08 04:39:00,SELL,SPY,0.5,,,,,,,,,,,
2026-04-08 07:43:00,SELL,SPY,0.67,,,,,,,,,,,
2026-04-08 07:44:00,SELL,UPRO,0.53,,,,,,,,,,,
2026-04-08 07:48:00,BUY,SPXU,0.62,,,,,,,,,,,
2026-04-08 07:48:00,SELL,SPY,0.63,,,,,,,,,,,
2026-04-08 07:52:00,SELL,SPY,0.57,,,,,,,,,,,
2026-04-08 07:54:00,BUY,SPXU,0.77,,,,,,,,,,,
2026-04-08 07:54:00,SELL,SPY,0.7,,,,,,,,,,,
2026-04-08 07:54:00,SELL,UPRO,0.66,,,,,,,,,,,
2026-04-08 07:56:00,SELL,UPRO,0.61,,,,,,,,,,,
2026-04-08 07:58:00,SELL,SPY,0.67,,,,,,,,,,,
2026-04-08 08:18:00,BUY,UPRO,0.68,,,,,,,,,,,
2026-04-08 08:34:00,BUY,SPXU,0.6,,,,,,,,,,,
2026-04-08 08:34:00,SELL,SPY,0.75,,,,,,,,,,,
2026-04-08 08:36:00,SELL,SPY,0.62,,,,,,,,,,,
2026-04-08 08:38:00,SELL,SPY,0.54,,,,,,,,,,,
2026-04-08 08:42:00,BUY,SPXU,0.65,,,,,,,,,,,
2026-04-08 08:42:00,SELL,SPY,0.68,,,,,,,,,,,
2026-04-08 08:42:00,SELL,UPRO,0.53,local-5883177c-47d6-41bf-a4c6-8784f5078fd9,108.155,943,2026-04-08 09:30:00,local-816b8161-5882-4513-82c5-0960fc3f05df,PROFIT,110.3724,943,2026-04-09 09:30:00,2091.0082,2.0502
2026-04-08 08:49:00,BUY,SPXU,0.54,,,,,,,,,,,
2026-04-08 08:49:00,SELL,SPY,0.56,,,,,,,,,,,
2026-04-08 08:49:00,SELL,UPRO,0.51,,,,,,,,,,,
2026-04-08 08:51:00,SELL,UPRO,0.51,,,,,,,,,,,
2026-04-08 08:52:00,BUY,SPXU,0.64,,,,,,,,,,,
2026-04-08 08:52:00,SELL,SPY,0.62,,,,,,,,,,,
2026-04-08 08:58:00,BUY,SPXU,0.51,,,,,,,,,,,
2026-04-08 09:53:00,SELL,SPY,0.57,,,,,,,,,,,
2026-04-08 10:02:00,BUY,SPXU,0.61,,,,,,,,,,,
2026-04-08 10:04:00,BUY,SPXU,0.76,,,,,,,,,,,
2026-04-08 10:06:00,SELL,SPY,0.66,,,,,,,,,,,
2026-04-08 10:06:00,SELL,UPRO,0.77,,,,,,,,,,,
2026-04-08 10:42:00,SELL,SPXU,0.58,,,,,,,,,,,
2026-04-08 10:42:00,BUY,SPY,0.55,,,,,,,,,,,
2026-04-08 10:45:00,SELL,SPXU,0.78,,,,,,,,,,,
2026-04-08 10:45:00,BUY,SPY,0.73,,,,,,,,,,,
2026-04-08 10:45:00,BUY,UPRO,0.71,,,,,,,,,,,
2026-04-08 10:47:00,SELL,SPXU,0.61,,,,,,,,,,,
2026-04-08 11:16:00,BUY,SPXU,0.55,,,,,,,,,,,
2026-04-08 11:16:00,SELL,SPY,0.63,,,,,,,,,,,
2026-04-08 11:16:00,SELL,UPRO,0.58,,,,,,,,,,,
2026-04-08 11:28:00,BUY,SPY,0.5,,,,,,,,,,,
2026-04-08 11:58:00,SELL,UPRO,0.56,,,,,,,,,,,
2026-04-08 12:00:00,SELL,SPY,0.56,,,,,,,,,,,
2026-04-08 12:02:00,SELL,UPRO,0.67,,,,,,,,,,,
2026-04-08 12:38:00,BUY,SPY,0.52,,,,,,,,,,,
2026-04-08 12:42:00,SELL,UPRO,0.56,,,,,,,,,,,
2026-04-08 13:20:00,BUY,SPY,0.68,,,,,,,,,,,
2026-04-08 14:21:00,BUY,SPY,0.54,,,,,,,,,,,
2026-04-08 14:25:00,BUY,SPY,0.53,,,,,,,,,,,
2026-04-08 14:30:00,SELL,SPXU,0.54,,,,,,,,,,,
2026-04-08 16:20:00,BUY,UPRO,0.52,,,,,,,,,,,
2026-04-08 16:21:00,SELL,SPXU,0.51,,,,,,,,,,,
2026-04-08 16:38:00,SELL,SPXU,0.59,,,,,,,,,,,
2026-04-08 16:38:00,BUY,SPY,0.52,,,,,,,,,,,
2026-04-08 16:54:00,BUY,UPRO,0.62,,,,,,,,,,,
2026-04-08 18:25:00,BUY,SPY,0.53,,,,,,,,,,,
2026-04-08 18:27:00,SELL,SPXU,0.52,,,,,,,,,,,
2026-04-08 18:36:00,SELL,SPY,0.56,,,,,,,,,,,
2026-04-08 19:33:00,BUY,SPY,0.64,,,,,,,,,,,
2026-04-09 00:18:00,BUY,SPY,0.51,,,,,,,,,,,
2026-04-09 01:28:00,SELL,SPY,0.55,,,,,,,,,,,
2026-04-09 06:19:00,SELL,SPXU,0.55,,,,,,,,,,,
2026-04-09 06:19:00,BUY,SPY,0.55,,,,,,,,,,,
2026-04-09 06:27:00,BUY,UPRO,0.52,,,,,,,,,,,
2026-04-09 07:56:00,SELL,SPY,0.59,,,,,,,,,,,
2026-04-09 07:56:00,SELL,UPRO,0.61,,,,,,,,,,,
2026-04-09 08:34:00,SELL,SPXU,0.5,,,,,,,,,,,
2026-04-09 08:34:00,BUY,SPY,0.5,,,,,,,,,,,
2026-04-09 08:55:00,BUY,SPXU,0.5,,,,,,,,,,,
2026-04-09 09:01:00,SELL,SPY,0.61,,,,,,,,,,,
2026-04-09 09:02:00,BUY,SPXU,0.66,,,,,,,,,,,
2026-04-09 09:02:00,SELL,UPRO,0.55,,,,,,,,,,,
2026-04-09 09:07:00,BUY,SPXU,0.57,,,,,,,,,,,
2026-04-09 09:09:00,BUY,SPXU,0.7,,,,,,,,,,,
2026-04-09 09:09:00,SELL,SPY,0.64,,,,,,,,,,,
2026-04-09 09:10:00,SELL,UPRO,0.51,,,,,,,,,,,
2026-04-09 09:12:00,SELL,SPY,0.57,,,,,,,,,,,
2026-04-09 09:52:00,BUY,SPY,0.52,,,,,,,,,,,
2026-04-09 10:31:00,SELL,SPXU,0.51,,,,,,,,,,,
2026-04-09 10:31:00,BUY,SPY,0.57,,,,,,,,,,,
2026-04-09 11:05:00,BUY,SPXU,0.55,,,,,,,,,,,
2026-04-09 11:05:00,SELL,SPY,0.59,,,,,,,,,,,
2026-04-09 11:06:00,SELL,UPRO,0.81,,,,,,,,,,,
2026-04-09 11:11:00,SELL,UPRO,0.54,,,,,,,,,,,
2026-04-09 11:13:00,SELL,SPY,0.61,,,,,,,,,,,
2026-04-09 12:06:00,SELL,SPXU,0.62,,,,,,,,,,,
2026-04-09 12:08:00,BUY,SPY,0.73,,,,,,,,,,,
2026-04-09 12:37:00,SELL,SPY,0.73,,,,,,,,,,,
2026-04-09 12:39:00,SELL,SPY,0.67,,,,,,,,,,,
2026-04-09 12:43:00,SELL,SPY,0.56,,,,,,,,,,,
2026-04-09 13:02:00,BUY,SPXU,0.56,,,,,,,,,,,
2026-04-09 13:21:00,BUY,SPY,0.65,,,,,,,,,,,
2026-04-09 13:41:00,SELL,UPRO,0.55,,,,,,,,,,,
2026-04-09 14:57:00,BUY,SPY,0.62,,,,,,,,,,,
2026-04-09 15:03:00,BUY,SPY,0.61,,,,,,,,,,,
2026-04-09 15:11:00,BUY,SPXU,0.51,,,,,,,,,,,
2026-04-09 16:37:00,SELL,SPY,0.73,,,,,,,,,,,
2026-04-09 16:39:00,SELL,SPY,0.67,,,,,,,,,,,
2026-04-09 16:43:00,SELL,SPY,0.56,,,,,,,,,,,
2026-04-09 18:57:00,BUY,SPY,0.62,,,,,,,,,,,
2026-04-09 19:04:00,SELL,SPXU,0.72,,,,,,,,,,,
2026-04-09 19:19:00,SELL,SPY,0.52,,,,,,,,,,,
2026-04-09 19:58:00,SELL,UPRO,0.55,,,,,,,,,,,
2026-04-10 00:57:00,BUY,UPRO,0.57,,,,,,,,,,,
2026-04-10 01:06:00,SELL,SPXU,0.5,,,,,,,,,,,
2026-04-10 01:59:00,SELL,SPY,0.55,,,,,,,,,,,
2026-04-10 02:22:00,SELL,SPY,0.57,,,,,,,,,,,
2026-04-10 03:23:00,SELL,SPY,0.72,,,,,,,,,,,
2026-04-10 03:25:00,SELL,SPY,0.59,,,,,,,,,,,
2026-04-10 04:31:00,BUY,SPXU,0.53,,,,,,,,,,,
2026-04-10 04:44:00,BUY,SPY,0.51,,,,,,,,,,,
2026-04-10 06:26:00,BUY,SPXU,0.66,,,,,,,,,,,
2026-04-10 06:26:00,SELL,UPRO,0.66,,,,,,,,,,,
2026-04-10 06:31:00,BUY,SPXU,0.54,,,,,,,,,,,
2026-04-10 06:31:00,SELL,SPY,0.51,,,,,,,,,,,
2026-04-10 07:58:00,SELL,SPXU,0.69,,,,,,,,,,,
2026-04-10 07:58:00,BUY,SPY,0.7,,,,,,,,,,,
2026-04-10 07:58:00,BUY,UPRO,0.74,,,,,,,,,,,
2026-04-10 08:00:00,BUY,UPRO,0.8,,,,,,,,,,,
2026-04-10 08:02:00,BUY,SPY,0.56,,,,,,,,,,,
2026-04-10 08:02:00,BUY,UPRO,0.54,,,,,,,,,,,
2026-04-10 08:05:00,BUY,SPY,0.5,,,,,,,,,,,
2026-04-10 08:14:00,BUY,SPXU,0.52,,,,,,,,,,,
2026-04-10 08:58:00,SELL,SPY,0.65,,,,,,,,,,,
2026-04-10 09:07:00,SELL,SPXU,0.58,,,,,,,,,,,
2026-04-10 09:07:00,BUY,SPY,0.68,,,,,,,,,,,
2026-04-10 09:11:00,BUY,SPY,0.55,,,,,,,,,,,
2026-04-10 09:35:00,SELL,SPXU,0.64,,,,,,,,,,,
2026-04-10 09:55:00,BUY,SPXU,0.51,,,,,,,,,,,
2026-04-10 09:55:00,SELL,SPY,0.54,,,,,,,,,,,
2026-04-10 10:05:00,BUY,UPRO,0.86,local-8c764fd3-ecf4-4dab-8c74-23e53c9ca347,109.7,947,2026-04-10 09:30:00,local-7d6e0a96-be75-40a2-a9e7-ff088de11aa8,PROFIT,112.0598,947,2026-04-13 11:21:00,2234.7306,2.1511
2026-04-10 10:06:00,SELL,SPXU,0.55,,,,,,,,,,,
2026-04-10 10:08:00,BUY,UPRO,0.57,,,,,,,,,,,
2026-04-10 10:21:00,SELL,UPRO,0.6,,,,,,,,,,,
2026-04-10 10:24:00,SELL,UPRO,0.52,,,,,,,,,,,
2026-04-10 11:04:00,SELL,UPRO,0.67,,,,,,,,,,,
2026-04-10 11:06:00,SELL,UPRO,0.71,,,,,,,,,,,
2026-04-10 12:18:00,SELL,SPY,0.58,,,,,,,,,,,
2026-04-10 12:25:00,SELL,SPY,0.62,,,,,,,,,,,
2026-04-10 12:28:00,SELL,SPY,0.56,,,,,,,,,,,
2026-04-10 14:24:00,SELL,SPY,0.55,,,,,,,,,,,
2026-04-10 14:35:00,SELL,SPY,0.54,,,,,,,,,,,
2026-04-10 14:43:00,SELL,SPXU,0.63,,,,,,,,,,,
2026-04-10 15:48:00,SELL,SPY,0.56,,,,,,,,,,,
2026-04-10 16:18:00,SELL,SPY,0.58,,,,,,,,,,,
2026-04-10 16:25:00,SELL,SPY,0.62,,,,,,,,,,,
2026-04-10 16:28:00,SELL,SPY,0.56,,,,,,,,,,,
2026-04-10 16:35:00,SELL,UPRO,0.67,,,,,,,,,,,
2026-04-10 16:37:00,BUY,SPXU,0.58,,,,,,,,,,,
2026-04-10 16:41:00,SELL,UPRO,0.61,,,,,,,,,,,
2026-04-10 16:59:00,SELL,UPRO,0.6,,,,,,,,,,,
2026-04-10 17:05:00,BUY,SPXU,0.6,,,,,,,,,,,
2026-04-10 18:00:00,BUY,SPY,0.6,,,,,,,,,,,
2026-04-10 18:24:00,SELL,SPY,0.55,,,,,,,,,,,
2026-04-10 18:35:00,SELL,SPY,0.54,,,,,,,,,,,
2026-04-13 00:26:00,SELL,SPY,0.56,,,,,,,,,,,
2026-04-13 01:51:00,BUY,SPY,0.5,,,,,,,,,,,
2026-04-13 03:18:00,BUY,SPY,0.54,,,,,,,,,,,
2026-04-13 03:19:00,SELL,SPXU,0.55,,,,,,,,,,,
2026-04-13 03:29:00,SELL,SPXU,0.67,,,,,,,,,,,
2026-04-13 03:33:00,SELL,SPXU,0.68,,,,,,,,,,,
2026-04-13 03:35:00,SELL,SPXU,0.88,,,,,,,,,,,
2026-04-13 03:44:00,BUY,UPRO,0.55,,,,,,,,,,,
2026-04-13 04:14:00,SELL,SPY,0.61,,,,,,,,,,,
2026-04-13 04:16:00,SELL,SPY,0.55,,,,,,,,,,,
2026-04-13 04:18:00,SELL,SPY,0.55,,,,,,,,,,,
2026-04-13 04:56:00,SELL,UPRO,0.55,,,,,,,,,,,
2026-04-13 06:14:00,BUY,SPY,0.51,,,,,,,,,,,
2026-04-13 06:18:00,BUY,SPY,0.55,,,,,,,,,,,
2026-04-13 06:18:00,BUY,UPRO,0.54,,,,,,,,,,,
2026-04-13 07:25:00,BUY,SPY,0.55,,,,,,,,,,,
2026-04-13 07:25:00,BUY,UPRO,0.51,,,,,,,,,,,
2026-04-13 08:22:00,SELL,SPY,0.61,,,,,,,,,,,
2026-04-13 08:22:00,SELL,UPRO,0.62,,,,,,,,,,,
2026-04-13 08:26:00,BUY,SPXU,0.5,,,,,,,,,,,
2026-04-13 08:26:00,SELL,SPY,0.55,,,,,,,,,,,
2026-04-13 08:26:00,SELL,UPRO,0.57,,,,,,,,,,,
2026-04-13 10:04:00,BUY,SPXU,0.63,,,,,,,,,,,
2026-04-13 10:12:00,SELL,UPRO,0.54,,,,,,,,,,,
2026-04-13 10:41:00,SELL,SPY,0.71,,,,,,,,,,,
2026-04-13 10:41:00,SELL,UPRO,0.69,,,,,,,,,,,
2026-04-13 10:47:00,SELL,SPY,0.77,,,,,,,,,,,
2026-04-13 10:49:00,SELL,UPRO,0.82,,,,,,,,,,,
2026-04-13 11:25:00,SELL,SPY,0.8,,,,,,,,,,,
2026-04-13 11:25:00,SELL,UPRO,0.86,,,,,,,,,,,
2026-04-13 11:30:00,SELL,SPY,0.68,,,,,,,,,,,
2026-04-13 11:30:00,SELL,UPRO,0.55,,,,,,,,,,,
2026-04-13 12:04:00,BUY,SPXU,0.59,,,,,,,,,,,
2026-04-13 13:33:00,SELL,SPY,0.91,,,,,,,,,,,
2026-04-13 16:48:00,SELL,UPRO,0.62,,,,,,,,,,,
2026-04-13 16:49:00,BUY,SPXU,0.64,,,,,,,,,,,
2026-04-14 00:16:00,SELL,SPY,0.63,,,,,,,,,,,
2026-04-14 00:43:00,BUY,SPXU,0.62,,,,,,,,,,,
2026-04-14 00:52:00,SELL,SPY,0.59,,,,,,,,,,,
2026-04-14 01:14:00,SELL,UPRO,0.65,,,,,,,,,,,
2026-04-14 02:04:00,BUY,UPRO,0.55,,,,,,,,,,,
2026-04-14 03:21:00,BUY,SPXU,0.54,,,,,,,,,,,
2026-04-14 03:27:00,SELL,UPRO,0.85,,,,,,,,,,,
2026-04-14 03:33:00,SELL,UPRO,0.69,,,,,,,,,,,
2026-04-14 03:45:00,SELL,UPRO,0.52,,,,,,,,,,,
2026-04-14 04:54:00,BUY,SPY,0.6,,,,,,,,,,,
2026-04-14 05:19:00,BUY,SPXU,0.55,,,,,,,,,,,
2026-04-14 06:10:00,BUY,SPXU,0.52,,,,,,,,,,,
2026-04-14 06:10:00,SELL,SPY,0.53,,,,,,,,,,,
2026-04-14 06:10:00,SELL,UPRO,0.54,,,,,,,,,,,
2026-04-14 06:12:00,SELL,UPRO,0.64,,,,,,,,,,,
2026-04-14 06:55:00,SELL,SPY,0.57,,,,,,,,,,,
2026-04-14 06:55:00,SELL,UPRO,0.55,,,,,,,,,,,
2026-04-14 06:59:00,SELL,SPY,0.51,,,,,,,,,,,
2026-04-14 07:47:00,BUY,SPXU,0.62,,,,,,,,,,,
2026-04-14 07:47:00,SELL,SPY,0.6,,,,,,,,,,,
2026-04-14 07:47:00,SELL,UPRO,0.62,,,,,,,,,,,
2026-04-14 07:49:00,BUY,SPXU,0.51,,,,,,,,,,,
2026-04-14 07:49:00,SELL,UPRO,0.51,,,,,,,,,,,
2026-04-14 08:29:00,BUY,SPXU,0.73,,,,,,,,,,,
2026-04-14 08:29:00,SELL,UPRO,0.64,,,,,,,,,,,
2026-04-14 08:31:00,BUY,SPXU,0.52,,,,,,,,,,,
2026-04-14 09:24:00,SELL,SPY,0.82,,,,,,,,,,,
2026-04-14 09:59:00,BUY,SPY,0.52,,,,,,,,,,,
2026-04-14 10:38:00,BUY,SPXU,0.58,,,,,,,,,,,
2026-04-14 10:38:00,SELL,SPY,0.52,,,,,,,,,,,
2026-04-14 11:08:00,BUY,SPXU,0.86,,,,,,,,,,,
2026-04-14 11:08:00,SELL,SPY,0.75,,,,,,,,,,,
2026-04-14 11:09:00,SELL,UPRO,0.78,,,,,,,,,,,
2026-04-14 11:22:00,SELL,SPY,0.58,,,,,,,,,,,
2026-04-14 11:27:00,BUY,SPXU,0.64,,,,,,,,,,,
2026-04-14 11:27:00,SELL,UPRO,0.72,,,,,,,,,,,
2026-04-14 11:28:00,SELL,SPY,0.78,,,,,,,,,,,
2026-04-14 11:30:00,BUY,SPXU,0.6,,,,,,,,,,,
2026-04-14 11:30:00,SELL,SPY,0.67,,,,,,,,,,,
2026-04-14 12:21:00,SELL,SPY,0.67,,,,,,,,,,,
2026-04-14 14:26:00,SELL,SPY,0.66,,,,,,,,,,,
2026-04-14 14:58:00,BUY,SPY,0.5,,,,,,,,,,,
2026-04-14 16:02:00,BUY,SPY,0.65,,,,,,,,,,,
2026-04-14 16:06:00,BUY,SPY,0.66,,,,,,,,,,,
2026-04-14 16:12:00,SELL,SPXU,0.51,,,,,,,,,,,
2026-04-14 16:21:00,SELL,SPY,0.67,,,,,,,,,,,
2026-04-14 16:22:00,SELL,UPRO,0.55,,,,,,,,,,,
2026-04-14 18:18:00,SELL,SPY,0.55,,,,,,,,,,,
2026-04-14 18:58:00,BUY,SPY,0.5,,,,,,,,,,,
2026-04-15 00:42:00,SELL,SPY,0.57,,,,,,,,,,,
2026-04-15 02:34:00,BUY,SPY,0.5,,,,,,,,,,,
2026-04-15 02:55:00,BUY,SPXU,0.55,,,,,,,,,,,
2026-04-15 03:05:00,BUY,SPXU,0.65,,,,,,,,,,,
2026-04-15 03:06:00,SELL,UPRO,0.56,,,,,,,,,,,
2026-04-15 04:40:00,SELL,SPY,0.62,,,,,,,,,,,
2026-04-15 05:22:00,BUY,SPXU,0.59,,,,,,,,,,,
2026-04-15 06:17:00,BUY,SPXU,0.52,,,,,,,,,,,
2026-04-15 06:17:00,SELL,UPRO,0.6,,,,,,,,,,,
2026-04-15 06:27:00,SELL,SPY,0.58,,,,,,,,,,,
2026-04-15 06:33:00,SELL,SPY,0.58,,,,,,,,,,,
2026-04-15 06:33:00,SELL,UPRO,0.61,,,,,,,,,,,
2026-04-15 07:21:00,BUY,SPXU,0.76,,,,,,,,,,,
2026-04-15 07:21:00,SELL,SPY,0.87,,,,,,,,,,,
2026-04-15 07:21:00,SELL,UPRO,0.78,,,,,,,,,,,
2026-04-15 07:23:00,BUY,SPXU,0.53,,,,,,,,,,,
2026-04-15 07:23:00,SELL,SPY,0.64,,,,,,,,,,,
2026-04-15 07:23:00,SELL,UPRO,0.58,,,,,,,,,,,
2026-04-15 07:34:00,BUY,UPRO,0.5,,,,,,,,,,,
2026-04-15 07:47:00,BUY,SPXU,0.55,,,,,,,,,,,
2026-04-15 07:47:00,SELL,UPRO,0.59,,,,,,,,,,,
2026-04-15 07:49:00,SELL,UPRO,0.54,,,,,,,,,,,
2026-04-15 07:57:00,BUY,SPY,0.53,,,,,,,,,,,
2026-04-15 07:57:00,BUY,UPRO,0.52,,,,,,,,,,,
2026-04-15 08:14:00,BUY,SPXU,0.53,,,,,,,,,,,
2026-04-15 08:14:00,SELL,SPY,0.55,,,,,,,,,,,
2026-04-15 08:21:00,BUY,SPXU,0.52,,,,,,,,,,,
2026-04-15 08:24:00,BUY,SPXU,0.55,,,,,,,,,,,
2026-04-15 08:24:00,SELL,SPY,0.69,,,,,,,,,,,
2026-04-15 09:08:00,SELL,SPY,0.65,,,,,,,,,,,
2026-04-15 09:08:00,SELL,UPRO,0.61,local-b6650bed-ef5f-4c56-b8a5-41efcde9b860,118.87,895,2026-04-15 09:30:00,local-c9701d27-13ba-408d-b709-35b59d62d6db,PROFIT,121.0,895,2026-04-16 11:52:00,1906.35,1.7919
2026-04-15 09:10:00,SELL,SPY,0.74,,,,,,,,,,,
2026-04-15 09:11:00,SELL,UPRO,0.65,,,,,,,,,,,
2026-04-15 09:12:00,SELL,SPY,0.52,,,,,,,,,,,
2026-04-15 09:17:00,BUY,SPXU,0.52,,,,,,,,,,,
2026-04-15 09:56:00,BUY,SPXU,0.71,,,,,,,,,,,
2026-04-15 09:56:00,SELL,SPY,0.62,,,,,,,,,,,
2026-04-15 10:55:00,BUY,SPXU,0.66,,,,,,,,,,,
2026-04-15 10:59:00,BUY,SPXU,0.65,,,,,,,,,,,
2026-04-15 10:59:00,SELL,SPY,0.57,,,,,,,,,,,
2026-04-15 10:59:00,SELL,UPRO,0.71,,,,,,,,,,,
2026-04-15 11:30:00,SELL,SPY,0.51,,,,,,,,,,,
2026-04-15 12:09:00,SELL,SPXU,0.67,,,,,,,,,,,
2026-04-15 12:12:00,SELL,SPXU,0.68,,,,,,,,,,,
2026-04-15 12:12:00,BUY,SPY,0.64,,,,,,,,,,,
2026-04-15 13:32:00,BUY,SPY,0.78,,,,,,,,,,,
2026-04-15 13:56:00,SELL,UPRO,0.52,,,,,,,,,,,
2026-04-15 14:40:00,SELL,SPY,0.59,,,,,,,,,,,
2026-04-15 16:06:00,BUY,SPY,0.76,,,,,,,,,,,
2026-04-15 16:09:00,SELL,SPXU,0.76,,,,,,,,,,,
2026-04-15 16:12:00,SELL,SPXU,0.8,,,,,,,,,,,
2026-04-15 18:40:00,SELL,UPRO,0.87,,,,,,,,,,,
2026-04-15 18:42:00,BUY,SPXU,0.55,,,,,,,,,,,
2026-04-15 18:51:00,BUY,SPXU,0.69,,,,,,,,,,,
2026-04-15 18:54:00,BUY,SPXU,0.56,,,,,,,,,,,
2026-04-15 19:07:00,SELL,SPY,0.51,,,,,,,,,,,
2026-04-15 19:42:00,SELL,SPY,0.51,,,,,,,,,,,
2026-04-16 00:36:00,BUY,SPY,0.79,,,,,,,,,,,
2026-04-16 02:20:00,BUY,SPY,0.55,,,,,,,,,,,
2026-04-16 02:50:00,BUY,UPRO,0.67,,,,,,,,,,,
2026-04-16 03:05:00,SELL,SPY,0.65,,,,,,,,,,,
2026-04-16 03:12:00,BUY,SPXU,0.63,,,,,,,,,,,
2026-04-16 03:25:00,SELL,UPRO,0.59,,,,,,,,,,,
2026-04-16 03:28:00,BUY,SPY,0.6,,,,,,,,,,,
2026-04-16 03:33:00,SELL,UPRO,0.65,,,,,,,,,,,
2026-04-16 06:26:00,BUY,SPY,0.58,,,,,,,,,,,
2026-04-16 07:06:00,BUY,SPXU,0.54,,,,,,,,,,,
2026-04-16 07:06:00,SELL,SPY,0.51,,,,,,,,,,,
2026-04-16 07:06:00,SELL,UPRO,0.54,,,,,,,,,,,
2026-04-16 07:11:00,BUY,SPXU,0.87,,,,,,,,,,,
2026-04-16 07:12:00,SELL,SPY,0.81,,,,,,,,,,,
2026-04-16 07:12:00,SELL,UPRO,0.84,,,,,,,,,,,
2026-04-16 07:59:00,SELL,SPY,0.51,,,,,,,,,,,
2026-04-16 07:59:00,SELL,UPRO,0.53,,,,,,,,,,,
2026-04-16 08:01:00,BUY,SPXU,0.56,,,,,,,,,,,
2026-04-16 08:01:00,SELL,SPY,0.6,,,,,,,,,,,
2026-04-16 08:01:00,SELL,UPRO,0.71,,,,,,,,,,,
2026-04-16 08:04:00,SELL,SPY,0.71,,,,,,,,,,,
2026-04-16 08:20:00,SELL,UPRO,0.54,,,,,,,,,,,
2026-04-16 08:47:00,BUY,SPXU,0.55,,,,,,,,,,,
2026-04-16 08:47:00,SELL,SPY,0.54,,,,,,,,,,,
2026-04-16 09:00:00,SELL,SPXU,0.52,,,,,,,,,,,
2026-04-16 09:00:00,BUY,UPRO,0.52,,,,,,,,,,,
2026-04-16 09:03:00,BUY,SPY,0.51,,,,,,,,,,,
2026-04-16 09:32:00,SELL,SPY,0.63,,,,,,,,,,,
2026-04-16 09:34:00,SELL,UPRO,0.54,,,,,,,,,,,
2026-04-16 09:49:00,SELL,UPRO,0.66,,,,,,,,,,,
2026-04-16 10:29:00,SELL,SPXU,0.51,,,,,,,,,,,
2026-04-16 10:29:00,BUY,SPY,0.53,,,,,,,,,,,
2026-04-16 10:42:00,BUY,SPXU,0.67,,,,,,,,,,,
2026-04-16 10:42:00,SELL,SPY,0.72,,,,,,,,,,,
2026-04-16 11:27:00,SELL,SPY,0.53,,,,,,,,,,,
2026-04-16 12:36:00,SELL,SPY,0.5,,,,,,,,,,,
2026-04-16 12:38:00,SELL,SPY,0.52,,,,,,,,,,,
2026-04-16 13:07:00,BUY,UPRO,0.55,local-3e76ceeb-9bb4-4745-af35-717b75064cc8,120.36,899,2026-04-16 13:07:00,local-99c96ff9-3924-4c0f-8878-ed517ad68d87,PROFIT,125.28,899,2026-04-17 09:30:00,4423.08,4.0877
2026-04-16 13:34:00,SELL,UPRO,0.54,,,,,,,,,,,
2026-04-16 13:36:00,BUY,SPY,0.64,,,,,,,,,,,
2026-04-16 14:04:00,SELL,SPY,0.61,,,,,,,,,,,
2026-04-16 14:36:00,SELL,SPY,0.89,,,,,,,,,,,
2026-04-16 14:42:00,SELL,SPY,0.51,,,,,,,,,,,
2026-04-16 14:44:00,BUY,SPY,0.71,,,,,,,,,,,
2026-04-16 15:46:00,SELL,SPY,0.75,,,,,,,,,,,
2026-04-16 16:36:00,SELL,SPY,0.5,,,,,,,,,,,
2026-04-16 16:38:00,SELL,SPY,0.52,,,,,,,,,,,
2026-04-16 16:44:00,SELL,UPRO,0.55,,,,,,,,,,,
2026-04-16 17:14:00,SELL,UPRO,0.55,,,,,,,,,,,
2026-04-16 18:19:00,BUY,SPXU,0.51,,,,,,,,,,,
2026-04-16 18:28:00,BUY,SPXU,0.62,,,,,,,,,,,
2026-04-16 18:38:00,SELL,UPRO,0.76,,,,,,,,,,,
2026-04-16 18:45:00,SELL,UPRO,0.6,,,,,,,,,,,
2026-04-17 02:13:00,SELL,UPRO,0.53,,,,,,,,,,,
2026-04-17 02:59:00,SELL,SPY,0.67,,,,,,,,,,,
2026-04-17 03:13:00,SELL,UPRO,0.59,,,,,,,,,,,
2026-04-17 05:24:00,SELL,SPXU,0.52,,,,,,,,,,,
2026-04-17 06:02:00,BUY,SPXU,0.82,,,,,,,,,,,
2026-04-17 06:02:00,SELL,SPY,0.82,,,,,,,,,,,
2026-04-17 06:02:00,SELL,UPRO,0.81,,,,,,,,,,,
2026-04-17 06:08:00,BUY,SPXU,0.8,,,,,,,,,,,
2026-04-17 06:08:00,SELL,SPY,0.83,,,,,,,,,,,
2026-04-17 06:08:00,SELL,UPRO,0.76,,,,,,,,,,,
2026-04-17 06:11:00,BUY,SPXU,0.58,,,,,,,,,,,
2026-04-17 06:11:00,SELL,SPY,0.58,,,,,,,,,,,
2026-04-17 06:11:00,SELL,UPRO,0.62,,,,,,,,,,,
2026-04-17 06:34:00,BUY,SPXU,0.6,,,,,,,,,,,
2026-04-17 06:34:00,SELL,SPY,0.66,,,,,,,,,,,
2026-04-17 06:34:00,SELL,UPRO,0.61,,,,,,,,,,,
2026-04-17 06:37:00,BUY,SPXU,0.55,,,,,,,,,,,
2026-04-17 06:46:00,BUY,SPXU,0.52,,,,,,,,,,,
2026-04-17 06:46:00,SELL,SPY,0.58,,,,,,,,,,,
2026-04-17 06:46:00,SELL,UPRO,0.6,,,,,,,,,,,
2026-04-17 07:35:00,SELL,SPY,0.53,,,,,,,,,,,
2026-04-17 07:35:00,SELL,UPRO,0.6,,,,,,,,,,,
2026-04-17 07:39:00,BUY,SPXU,0.52,,,,,,,,,,,
2026-04-17 07:39:00,SELL,SPY,0.53,,,,,,,,,,,
2026-04-17 08:33:00,SELL,SPY,0.61,,,,,,,,,,,
2026-04-17 08:33:00,SELL,UPRO,0.69,,,,,,,,,,,
2026-04-17 08:37:00,BUY,SPXU,0.54,,,,,,,,,,,
2026-04-17 08:37:00,SELL,SPY,0.61,,,,,,,,,,,
2026-04-17 08:37:00,SELL,UPRO,0.68,,,,,,,,,,,
2026-04-17 08:39:00,SELL,SPY,0.59,,,,,,,,,,,
2026-04-17 08:39:00,SELL,UPRO,0.61,,,,,,,,,,,
2026-04-17 08:47:00,SELL,UPRO,0.5,,,,,,,,,,,
2026-04-17 09:00:00,BUY,SPY,0.56,,,,,,,,,,,
2026-04-17 09:57:00,SELL,SPY,0.51,,,,,,,,,,,
2026-04-17 09:57:00,SELL,UPRO,0.51,,,,,,,,,,,
2026-04-17 10:37:00,SELL,SPY,0.51,,,,,,,,,,,
2026-04-17 11:12:00,BUY,SPY,0.5,,,,,,,,,,,
2026-04-17 11:14:00,BUY,SPY,0.54,,,,,,,,,,,
2026-04-17 11:14:00,BUY,UPRO,0.59,local-751564b4-59cd-411d-850e-4677374dcb52,124.77,903,2026-04-17 11:14:00,local-7e0ad253-2438-47c9-b469-ed6fef2b9b7f,STOP,122.49,903,2026-04-21 09:30:00,-2058.84,-1.8274
2026-04-17 12:39:00,SELL,UPRO,0.61,,,,,,,,,,,
2026-04-17 18:07:00,SELL,SPY,0.73,,,,,,,,,,,
2026-04-17 18:11:00,SELL,SPY,0.51,,,,,,,,,,,
2026-04-20 00:34:00,BUY,SPXU,0.72,,,,,,,,,,,
2026-04-20 00:58:00,SELL,UPRO,0.74,,,,,,,,,,,
2026-04-20 01:23:00,BUY,SPY,0.55,,,,,,,,,,,
2026-04-20 02:34:00,BUY,SPY,0.61,,,,,,,,,,,
2026-04-20 02:43:00,BUY,SPY,0.57,,,,,,,,,,,
2026-04-20 03:31:00,SELL,SPXU,0.51,,,,,,,,,,,
2026-04-20 03:48:00,SELL,SPY,0.5,,,,,,,,,,,
2026-04-20 04:44:00,BUY,SPXU,0.71,,,,,,,,,,,
2026-04-20 04:52:00,BUY,SPXU,0.51,,,,,,,,,,,
2026-04-20 05:57:00,SELL,SPY,0.51,,,,,,,,,,,
2026-04-20 06:03:00,SELL,UPRO,0.52,,,,,,,,,,,
2026-04-20 06:25:00,SELL,SPY,0.51,,,,,,,,,,,
2026-04-20 06:37:00,BUY,UPRO,0.53,,,,,,,,,,,
2026-04-20 07:08:00,BUY,SPY,0.52,,,,,,,,,,,
2026-04-20 07:08:00,BUY,UPRO,0.56,,,,,,,,,,,
2026-04-20 09:24:00,BUY,SPXU,0.51,,,,,,,,,,,
2026-04-20 10:02:00,BUY,SPY,0.51,,,,,,,,,,,
2026-04-20 10:25:00,BUY,SPXU,0.53,,,,,,,,,,,
2026-04-20 10:25:00,SELL,SPY,0.55,,,,,,,,,,,
2026-04-20 10:25:00,SELL,UPRO,0.58,,,,,,,,,,,
2026-04-20 10:52:00,BUY,SPXU,0.62,,,,,,,,,,,
2026-04-20 10:52:00,SELL,SPY,0.64,,,,,,,,,,,
2026-04-20 11:18:00,SELL,UPRO,0.69,,,,,,,,,,,
2026-04-20 11:27:00,SELL,SPXU,0.75,,,,,,,,,,,
2026-04-20 11:27:00,BUY,SPY,0.6,,,,,,,,,,,
2026-04-20 12:08:00,SELL,SPY,0.65,,,,,,,,,,,
2026-04-20 12:40:00,BUY,SPXU,0.55,,,,,,,,,,,
2026-04-20 12:43:00,BUY,SPXU,0.81,,,,,,,,,,,
2026-04-20 12:49:00,BUY,SPY,0.58,,,,,,,,,,,
2026-04-20 13:14:00,BUY,SPY,0.56,,,,,,,,,,,
2026-04-20 13:39:00,SELL,SPXU,0.71,,,,,,,,,,,
2026-04-20 14:03:00,SELL,SPY,0.65,,,,,,,,,,,
2026-04-20 14:20:00,BUY,SPY,0.7,,,,,,,,,,,
2026-04-20 14:42:00,SELL,SPY,0.72,,,,,,,,,,,
2026-04-20 16:02:00,BUY,SPY,0.64,,,,,,,,,,,
2026-04-20 16:49:00,BUY,SPY,0.58,,,,,,,,,,,
2026-04-20 16:54:00,SELL,SPXU,0.5,,,,,,,,,,,
2026-04-20 17:08:00,SELL,SPXU,0.61,,,,,,,,,,,
2026-04-20 17:14:00,BUY,SPY,0.56,,,,,,,,,,,
2026-04-20 18:20:00,BUY,SPY,0.7,,,,,,,,,,,
2026-04-21 00:30:00,SELL,SPY,0.6,,,,,,,,,,,
2026-04-21 01:04:00,BUY,SPY,0.64,,,,,,,,,,,
2026-04-21 02:26:00,SELL,UPRO,0.71,,,,,,,,,,,
2026-04-21 02:47:00,SELL,UPRO,0.52,,,,,,,,,,,
2026-04-21 02:50:00,SELL,UPRO,0.5,,,,,,,,,,,
2026-04-21 03:00:00,SELL,UPRO,0.62,,,,,,,,,,,
2026-04-21 03:05:00,SELL,UPRO,0.53,,,,,,,,,,,
2026-04-21 03:33:00,SELL,SPY,0.68,,,,,,,,,,,
2026-04-21 03:35:00,BUY,SPXU,0.85,,,,,,,,,,,
2026-04-21 03:35:00,SELL,UPRO,0.65,,,,,,,,,,,
2026-04-21 03:37:00,BUY,SPXU,0.81,,,,,,,,,,,
2026-04-21 03:37:00,SELL,SPY,0.7,,,,,,,,,,,
2026-04-21 03:40:00,BUY,SPXU,0.63,,,,,,,,,,,
2026-04-21 03:41:00,SELL,SPY,0.58,,,,,,,,,,,
2026-04-21 03:42:00,SELL,UPRO,0.64,,,,,,,,,,,
2026-04-21 03:43:00,BUY,SPXU,0.51,,,,,,,,,,,
2026-04-21 04:07:00,BUY,SPY,0.59,,,,,,,,,,,
2026-04-21 04:52:00,BUY,UPRO,0.54,,,,,,,,,,,
2026-04-21 05:51:00,BUY,SPXU,0.63,,,,,,,,,,,
2026-04-21 05:54:00,BUY,SPXU,0.57,,,,,,,,,,,
2026-04-21 05:54:00,SELL,SPY,0.55,,,,,,,,,,,
2026-04-21 05:56:00,BUY,SPXU,0.67,,,,,,,,,,,
2026-04-21 05:57:00,SELL,SPY,0.56,,,,,,,,,,,
2026-04-21 05:57:00,SELL,UPRO,0.51,,,,,,,,,,,
2026-04-21 06:00:00,SELL,SPY,0.52,,,,,,,,,,,
2026-04-21 07:20:00,SELL,SPY,0.54,,,,,,,,,,,
2026-04-21 07:28:00,SELL,SPXU,0.58,,,,,,,,,,,
2026-04-21 07:29:00,BUY,SPY,0.68,,,,,,,,,,,
2026-04-21 07:29:00,BUY,UPRO,0.59,,,,,,,,,,,
2026-04-21 09:00:00,SELL,SPXU,0.53,,,,,,,,,,,
2026-04-21 09:23:00,SELL,SPXU,0.54,,,,,,,,,,,
2026-04-21 09:23:00,BUY,SPY,0.53,,,,,,,,,,,
2026-04-21 09:23:00,BUY,UPRO,0.52,,,,,,,,,,,
2026-04-21 09:34:00,BUY,SPXU,0.53,,,,,,,,,,,
2026-04-21 09:34:00,SELL,SPY,0.57,,,,,,,,,,,
2026-04-21 09:34:00,SELL,UPRO,0.52,local-c88aa1fd-e2d5-4b64-9ce9-cb94363c70dd,122.56,902,2026-04-21 10:29:00,local-ac942f54-183e-4bf7-8159-37607791e4c3,PROFIT,125.2,902,2026-04-22 09:30:00,2381.28,2.154
2026-04-21 10:29:00,BUY,UPRO,0.56,,,,,,,,,,,
2026-04-21 10:36:00,SELL,UPRO,0.64,,,,,,,,,,,
2026-04-21 11:29:00,SELL,UPRO,0.54,,,,,,,,,,,
2026-04-21 11:30:00,SELL,SPY,0.58,,,,,,,,,,,
2026-04-21 11:32:00,BUY,SPXU,0.63,,,,,,,,,,,
2026-04-21 11:32:00,SELL,SPY,0.6,,,,,,,,,,,
2026-04-21 12:57:00,SELL,SPY,0.55,,,,,,,,,,,
2026-04-21 13:19:00,SELL,SPY,0.64,,,,,,,,,,,
2026-04-21 14:31:00,SELL,SPY,0.63,,,,,,,,,,,
2026-04-21 15:04:00,SELL,SPY,0.5,,,,,,,,,,,
2026-04-21 16:17:00,BUY,SPXU,0.52,,,,,,,,,,,
2026-04-21 16:18:00,SELL,UPRO,0.51,,,,,,,,,,,
2026-04-21 16:21:00,SELL,UPRO,0.53,,,,,,,,,,,
2026-04-21 16:57:00,SELL,SPY,0.55,,,,,,,,,,,
2026-04-21 17:16:00,BUY,SPY,0.51,,,,,,,,,,,
2026-04-21 18:18:00,BUY,SPXU,0.6,,,,,,,,,,,
2026-04-21 18:57:00,BUY,UPRO,0.65,,,,,,,,,,,
2026-04-21 19:00:00,SELL,SPXU,0.54,,,,,,,,,,,
2026-04-21 19:46:00,SELL,SPY,0.67,,,,,,,,,,,
2026-04-21 19:49:00,SELL,UPRO,0.61,,,,,,,,,,,
2026-04-22 00:24:00,BUY,SPY,0.73,,,,,,,,,,,
2026-04-22 00:56:00,SELL,SPY,0.69,,,,,,,,,,,
2026-04-22 01:49:00,SELL,UPRO,0.71,,,,,,,,,,,
2026-04-22 01:50:00,BUY,SPXU,0.5,,,,,,,,,,,
2026-04-22 02:30:00,SELL,SPY,0.57,,,,,,,,,,,
2026-04-22 02:33:00,SELL,SPY,0.52,,,,,,,,,,,
2026-04-22 02:36:00,SELL,SPY,0.64,,,,,,,,,,,
2026-04-22 04:05:00,BUY,SPXU,0.8,,,,,,,,,,,
2026-04-22 04:05:00,SELL,SPY,0.66,,,,,,,,,,,
2026-04-22 04:09:00,BUY,SPXU,0.79,,,,,,,,,,,
2026-04-22 04:09:00,SELL,SPY,0.75,,,,,,,,,,,
2026-04-22 05:00:00,BUY,SPY,0.57,,,,,,,,,,,
2026-04-22 05:00:00,BUY,UPRO,0.5,,,,,,,,,,,
2026-04-22 07:45:00,SELL,SPXU,0.52,,,,,,,,,,,
2026-04-22 07:45:00,BUY,SPY,0.57,,,,,,,,,,,
2026-04-22 10:48:00,SELL,SPY,0.6,,,,,,,,,,,
2026-04-22 11:20:00,SELL,SPY,0.69,,,,,,,,,,,
2026-04-22 11:20:00,SELL,UPRO,0.69,,,,,,,,,,,
2026-04-22 12:21:00,BUY,UPRO,0.5,local-c77ec8d9-f001-462d-972f-f20c3f45559f,125.33,901,2026-04-22 12:21:00,local-dca07c3c-1f8e-4d4e-992b-68ee12ef31f9,STOP,122.998,901,2026-04-23 09:30:00,-2101.132,-1.8607
2026-04-22 15:22:00,SELL,UPRO,0.53,,,,,,,,,,,
2026-04-22 15:29:00,SELL,SPY,0.53,,,,,,,,,,,
2026-04-22 15:29:00,SELL,UPRO,0.61,,,,,,,,,,,
2026-04-22 15:30:00,BUY,SPXU,0.51,,,,,,,,,,,
2026-04-22 16:21:00,BUY,UPRO,0.5,,,,,,,,,,,
2026-04-23 00:42:00,BUY,SPY,0.67,,,,,,,,,,,
2026-04-23 00:46:00,SELL,SPXU,0.5,,,,,,,,,,,
2026-04-23 00:46:00,BUY,SPY,0.63,,,,,,,,,,,
2026-04-23 00:49:00,BUY,SPY,0.54,,,,,,,,,,,
2026-04-23 00:59:00,BUY,UPRO,0.54,,,,,,,,,,,
2026-04-23 01:09:00,BUY,SPY,0.53,,,,,,,,,,,
2026-04-23 01:11:00,SELL,SPXU,0.67,,,,,,,,,,,
2026-04-23 01:11:00,BUY,SPY,0.6,,,,,,,,,,,
2026-04-23 01:12:00,BUY,UPRO,0.63,,,,,,,,,,,
2026-04-23 02:59:00,SELL,SPY,0.61,,,,,,,,,,,
2026-04-23 03:02:00,SELL,UPRO,0.58,,,,,,,,,,,
2026-04-23 03:03:00,SELL,SPY,0.72,,,,,,,,,,,
2026-04-23 03:10:00,BUY,SPXU,0.51,,,,,,,,,,,
2026-04-23 03:12:00,SELL,UPRO,0.78,,,,,,,,,,,
2026-04-23 03:35:00,SELL,SPXU,0.62,,,,,,,,,,,
2026-04-23 04:08:00,BUY,SPXU,0.52,,,,,,,,,,,
2026-04-23 04:22:00,BUY,SPY,0.53,,,,,,,,,,,
2026-04-23 05:42:00,BUY,SPXU,0.56,,,,,,,,,,,
2026-04-23 05:42:00,SELL,UPRO,0.63,,,,,,,,,,,
2026-04-23 05:49:00,SELL,SPY,0.8,,,,,,,,,,,
2026-04-23 05:49:00,SELL,UPRO,0.79,,,,,,,,,,,
2026-04-23 06:33:00,SELL,UPRO,0.54,,,,,,,,,,,
2026-04-23 06:58:00,BUY,SPXU,0.66,,,,,,,,,,,
2026-04-23 06:58:00,SELL,SPY,0.66,,,,,,,,,,,
2026-04-23 07:01:00,SELL,SPY,0.57,,,,,,,,,,,
2026-04-23 07:03:00,BUY,SPXU,0.58,,,,,,,,,,,
2026-04-23 07:03:00,SELL,SPY,0.55,,,,,,,,,,,
2026-04-23 07:28:00,SELL,SPY,0.52,,,,,,,,,,,
2026-04-23 08:36:00,BUY,SPXU,0.58,,,,,,,,,,,
2026-04-23 08:36:00,SELL,SPY,0.61,,,,,,,,,,,
2026-04-23 08:54:00,SELL,UPRO,0.58,,,,,,,,,,,
2026-04-23 09:23:00,SELL,SPXU,0.6,,,,,,,,,,,
2026-04-23 09:23:00,BUY,SPY,0.58,,,,,,,,,,,
2026-04-23 09:23:00,BUY,UPRO,0.67,,,,,,,,,,,
2026-04-23 10:08:00,BUY,SPXU,0.51,,,,,,,,,,,
2026-04-23 10:08:00,SELL,SPY,0.55,,,,,,,,,,,
2026-04-23 10:08:00,SELL,UPRO,0.53,local-4be68f43-fce7-4d12-9163-6c8a8a5c6ef5,124.01,894,2026-04-23 10:52:00,local-2e7fe274-5b80-4c78-8710-f08307cdc55a,STOP,122.07,894,2026-04-23 13:41:00,-1734.36,-1.5644
2026-04-23 10:36:00,BUY,SPXU,0.77,,,,,,,,,,,
2026-04-23 10:52:00,BUY,UPRO,0.58,,,,,,,,,,,
2026-04-23 11:17:00,BUY,SPXU,0.54,,,,,,,,,,,
2026-04-23 11:17:00,SELL,SPY,0.62,,,,,,,,,,,
2026-04-23 12:17:00,SELL,SPXU,0.64,,,,,,,,,,,
2026-04-23 12:17:00,BUY,SPY,0.82,,,,,,,,,,,
2026-04-23 12:18:00,BUY,UPRO,0.79,,,,,,,,,,,
2026-04-23 13:14:00,SELL,SPXU,0.77,,,,,,,,,,,
2026-04-23 13:14:00,BUY,UPRO,0.51,,,,,,,,,,,
2026-04-23 13:17:00,BUY,UPRO,0.61,,,,,,,,,,,
2026-04-23 13:21:00,SELL,SPXU,0.75,,,,,,,,,,,
2026-04-23 13:40:00,SELL,SPY,0.84,,,,,,,,,,,
2026-04-23 13:43:00,SELL,SPY,0.57,,,,,,,,,,,
2026-04-23 14:08:00,SELL,SPY,0.91,,,,,,,,,,,
2026-04-23 15:38:00,SELL,SPY,0.74,,,,,,,,,,,
2026-04-23 16:17:00,SELL,SPXU,0.64,,,,,,,,,,,
2026-04-23 16:18:00,BUY,UPRO,0.59,,,,,,,,,,,
2026-04-23 16:58:00,BUY,UPRO,0.59,,,,,,,,,,,
2026-04-23 17:40:00,SELL,SPY,0.84,,,,,,,,,,,
2026-04-23 17:43:00,SELL,SPY,0.57,,,,,,,,,,,
2026-04-23 18:16:00,SELL,SPY,0.55,,,,,,,,,,,
2026-04-23 19:41:00,BUY,SPXU,0.73,,,,,,,,,,,
2026-04-23 19:49:00,SELL,UPRO,0.73,,,,,,,,,,,
2026-04-23 19:56:00,SELL,UPRO,0.77,,,,,,,,,,,
2026-04-24 00:35:00,BUY,SPY,0.54,,,,,,,,,,,
2026-04-24 00:39:00,BUY,SPY,0.52,,,,,,,,,,,
2026-04-24 00:45:00,BUY,SPY,0.58,,,,,,,,,,,
2026-04-24 00:58:00,BUY,UPRO,0.53,,,,,,,,,,,
2026-04-24 01:07:00,SELL,SPXU,0.51,,,,,,,,,,,
2026-04-24 02:33:00,BUY,SPXU,0.51,,,,,,,,,,,
2026-04-24 03:24:00,SELL,UPRO,0.51,,,,,,,,,,,
2026-04-24 03:30:00,SELL,SPY,0.6,,,,,,,,,,,
2026-04-24 03:31:00,BUY,SPXU,0.68,,,,,,,,,,,
2026-04-24 03:31:00,SELL,UPRO,0.79,,,,,,,,,,,
2026-04-24 03:32:00,SELL,SPY,0.57,,,,,,,,,,,
2026-04-24 03:35:00,SELL,UPRO,0.61,,,,,,,,,,,
2026-04-24 03:41:00,SELL,SPXU,0.54,,,,,,,,,,,
2026-04-24 03:44:00,BUY,SPY,0.64,,,,,,,,,,,
2026-04-24 03:48:00,SELL,SPXU,0.86,,,,,,,,,,,
2026-04-24 03:48:00,BUY,UPRO,0.58,,,,,,,,,,,
2026-04-24 03:50:00,BUY,SPY,0.77,,,,,,,,,,,
2026-04-24 03:51:00,BUY,UPRO,0.57,,,,,,,,,,,
2026-04-24 03:54:00,BUY,SPY,0.58,,,,,,,,,,,
2026-04-24 03:55:00,SELL,SPXU,0.73,,,,,,,,,,,
2026-04-24 03:55:00,BUY,UPRO,0.57,,,,,,,,,,,
2026-04-24 03:57:00,SELL,SPXU,0.79,,,,,,,,,,,
2026-04-24 04:18:00,SELL,SPY,0.61,,,,,,,,,,,
2026-04-24 04:25:00,SELL,UPRO,0.68,,,,,,,,,,,
2026-04-24 04:45:00,BUY,SPY,0.62,,,,,,,,,,,
2026-04-24 04:53:00,SELL,SPXU,0.58,,,,,,,,,,,
2026-04-24 05:04:00,SELL,UPRO,0.56,,,,,,,,,,,
2026-04-24 05:05:00,SELL,SPY,0.55,,,,,,,,,,,
2026-04-24 05:07:00,SELL,SPY,0.8,,,,,,,,,,,
2026-04-24 05:07:00,SELL,UPRO,0.61,,,,,,,,,,,
2026-04-24 05:11:00,SELL,UPRO,0.66,,,,,,,,,,,
2026-04-24 05:36:00,SELL,SPXU,0.61,,,,,,,,,,,
2026-04-24 06:45:00,SELL,SPY,0.66,,,,,,,,,,,
2026-04-24 06:45:00,SELL,UPRO,0.65,,,,,,,,,,,
2026-04-24 06:47:00,SELL,UPRO,0.53,,,,,,,,,,,
2026-04-24 07:02:00,BUY,SPXU,0.54,,,,,,,,,,,
2026-04-24 07:02:00,SELL,SPY,0.64,,,,,,,,,,,
2026-04-24 07:02:00,SELL,UPRO,0.67,,,,,,,,,,,
2026-04-24 09:01:00,SELL,SPY,0.7,,,,,,,,,,,
2026-04-24 09:17:00,BUY,UPRO,0.56,local-6934167d-013b-4124-a467-01f0db4699b7,126.46,863,2026-04-24 09:30:00,local-7ce769f2-96a1-487c-9d6a-986648b9424b,PROFIT,126.4099,863,2026-04-24 09:31:00,-43.2363,-0.0396
2026-04-24 09:45:00,SELL,SPY,0.57,,,,,,,,,,,
2026-04-24 09:47:00,SELL,SPY,0.5,,,,,,,,,,,
2026-04-24 10:05:00,SELL,UPRO,0.7,local-0fa5a588-d597-464b-b0fd-13e8daba3f7f,126.4932,862,2026-04-24 10:23:00,local-ac0cac37-23a4-4e87-bcd1-4c306a7b1eb7,STOP,124.585,862,2026-04-28 12:35:00,-1644.8684,-1.5085
2026-04-24 10:23:00,BUY,UPRO,0.7,,,,,,,,,,,
2026-04-24 11:03:00,SELL,SPY,0.58,,,,,,,,,,,
2026-04-24 11:10:00,SELL,UPRO,0.73,,,,,,,,,,,
2026-04-24 11:14:00,BUY,SPXU,0.72,,,,,,,,,,,
2026-04-24 11:16:00,BUY,SPXU,0.66,,,,,,,,,,,
2026-04-24 11:18:00,BUY,SPXU,0.58,,,,,,,,,,,
2026-04-24 12:11:00,BUY,SPY,0.58,,,,,,,,,,,
2026-04-24 12:20:00,BUY,SPY,0.52,,,,,,,,,,,
2026-04-24 13:32:00,BUY,SPY,0.57,,,,,,,,,,,
2026-04-24 14:23:00,BUY,UPRO,0.7,,,,,,,,,,,
2026-04-24 15:10:00,SELL,UPRO,0.73,,,,,,,,,,,
2026-04-24 15:13:00,SELL,UPRO,0.72,,,,,,,,,,,
2026-04-24 16:20:00,BUY,SPY,0.52,,,,,,,,,,,
2026-04-24 16:48:00,BUY,SPXU,0.52,,,,,,,,,,,
2026-04-24 17:06:00,BUY,SPXU,0.61,,,,,,,,,,,
2026-04-24 17:20:00,BUY,SPY,0.68,,,,,,,,,,,
2026-04-24 17:24:00,BUY,SPY,0.75,,,,,,,,,,,
2026-04-24 17:32:00,BUY,SPY,0.57,,,,,,,,,,,
2026-04-24 17:35:00,BUY,SPY,0.64,,,,,,,,,,,
2026-04-24 18:15:00,SELL,SPY,0.58,,,,,,,,,,,
2026-04-24 18:17:00,SELL,SPY,0.73,,,,,,,,,,,
2026-04-24 18:25:00,SELL,SPY,0.53,,,,,,,,,,,
2026-04-27 00:24:00,BUY,UPRO,0.7,,,,,,,,,,,
2026-04-27 00:32:00,SELL,SPY,0.56,,,,,,,,,,,
2026-04-27 00:58:00,SELL,UPRO,0.58,,,,,,,,,,,
2026-04-27 02:48:00,SELL,UPRO,0.52,,,,,,,,,,,
2026-04-27 02:50:00,BUY,SPXU,0.52,,,,,,,,,,,
2026-04-27 03:05:00,SELL,UPRO,0.61,,,,,,,,,,,
2026-04-27 03:07:00,SELL,UPRO,0.54,,,,,,,,,,,
2026-04-27 03:11:00,BUY,SPXU,0.65,,,,,,,,,,,
2026-04-27 03:14:00,SELL,UPRO,0.59,,,,,,,,,,,
2026-04-27 03:49:00,BUY,SPXU,0.55,,,,,,,,,,,
2026-04-27 06:02:00,BUY,SPXU,0.52,,,,,,,,,,,
2026-04-27 06:02:00,SELL,SPY,0.56,,,,,,,,,,,
2026-04-27 06:04:00,BUY,SPXU,0.58,,,,,,,,,,,
2026-04-27 06:04:00,SELL,SPY,0.6,,,,,,,,,,,
2026-04-27 06:04:00,SELL,UPRO,0.6,,,,,,,,,,,
2026-04-27 07:46:00,SELL,UPRO,0.58,,,,,,,,,,,
2026-04-27 07:48:00,SELL,SPY,0.55,,,,,,,,,,,
2026-04-27 08:09:00,SELL,UPRO,0.58,,,,,,,,,,,
2026-04-27 08:13:00,SELL,SPY,0.64,,,,,,,,,,,
2026-04-27 08:16:00,SELL,SPY,0.84,,,,,,,,,,,
2026-04-27 08:16:00,SELL,UPRO,0.85,,,,,,,,,,,
2026-04-27 08:37:00,SELL,UPRO,0.51,,,,,,,,,,,
2026-04-27 08:40:00,SELL,SPY,0.57,,,,,,,,,,,
2026-04-27 08:40:00,SELL,UPRO,0.57,,,,,,,,,,,
2026-04-27 09:47:00,BUY,UPRO,0.57,,,,,,,,,,,
2026-04-27 10:18:00,SELL,SPY,0.53,,,,,,,,,,,
2026-04-27 11:20:00,SELL,SPY,0.57,,,,,,,,,,,
2026-04-27 11:24:00,SELL,SPY,0.58,,,,,,,,,,,
2026-04-27 11:24:00,SELL,UPRO,0.54,,,,,,,,,,,
2026-04-27 11:26:00,SELL,UPRO,0.5,,,,,,,,,,,
2026-04-27 12:07:00,BUY,SPY,0.58,,,,,,,,,,,
2026-04-27 12:09:00,BUY,SPY,0.6,,,,,,,,,,,
2026-04-27 12:39:00,SELL,SPY,0.73,,,,,,,,,,,
2026-04-27 13:14:00,BUY,UPRO,0.59,,,,,,,,,,,
2026-04-27 13:32:00,BUY,SPXU,0.74,,,,,,,,,,,
2026-04-27 14:19:00,SELL,SPY,0.73,,,,,,,,,,,
2026-04-27 16:07:00,BUY,SPY,0.75,,,,,,,,,,,
2026-04-27 16:09:00,BUY,SPY,0.79,,,,,,,,,,,
2026-04-27 16:17:00,SELL,SPXU,0.75,,,,,,,,,,,
2026-04-27 16:39:00,SELL,SPY,0.73,,,,,,,,,,,
2026-04-27 18:19:00,SELL,SPY,0.73,,,,,,,,,,,
2026-04-28 00:30:00,SELL,SPY,0.53,,,,,,,,,,,
2026-04-28 01:17:00,SELL,UPRO,0.52,,,,,,,,,,,
2026-04-28 01:34:00,BUY,SPY,0.69,,,,,,,,,,,
2026-04-28 01:41:00,SELL,SPXU,0.52,,,,,,,,,,,
2026-04-28 01:41:00,BUY,UPRO,0.5,,,,,,,,,,,
2026-04-28 01:45:00,BUY,UPRO,0.57,,,,,,,,,,,
2026-04-28 01:48:00,BUY,UPRO,0.6,,,,,,,,,,,
2026-04-28 01:51:00,BUY,SPY,0.52,,,,,,,,,,,
2026-04-28 02:17:00,BUY,SPY,0.59,,,,,,,,,,,
2026-04-28 02:45:00,BUY,SPY,0.54,,,,,,,,,,,
2026-04-28 03:18:00,SELL,SPXU,0.84,,,,,,,,,,,
2026-04-28 03:25:00,SELL,SPXU,0.72,,,,,,,,,,,
2026-04-28 03:38:00,BUY,SPY,0.54,,,,,,,,,,,
2026-04-28 03:58:00,BUY,SPY,0.57,,,,,,,,,,,
2026-04-28 04:52:00,BUY,SPXU,0.61,,,,,,,,,,,
2026-04-28 04:59:00,BUY,SPXU,0.65,,,,,,,,,,,
2026-04-28 05:02:00,BUY,SPXU,0.64,,,,,,,,,,,
2026-04-28 05:02:00,SELL,SPY,0.53,,,,,,,,,,,
2026-04-28 05:16:00,SELL,SPXU,0.59,,,,,,,,,,,
2026-04-28 05:16:00,BUY,SPY,0.6,,,,,,,,,,,
2026-04-28 05:48:00,BUY,SPXU,0.54,,,,,,,,,,,
2026-04-28 05:48:00,SELL,UPRO,0.62,,,,,,,,,,,
2026-04-28 05:56:00,BUY,SPY,0.64,,,,,,,,,,,
2026-04-28 07:32:00,SELL,SPXU,0.52,,,,,,,,,,,
2026-04-28 07:32:00,BUY,UPRO,0.51,,,,,,,,,,,
2026-04-28 08:40:00,BUY,SPY,0.67,,,,,,,,,,,
2026-04-28 09:36:00,BUY,SPXU,0.79,,,,,,,,,,,
2026-04-28 09:38:00,BUY,SPXU,0.68,,,,,,,,,,,
2026-04-28 10:49:00,BUY,SPXU,0.53,,,,,,,,,,,
2026-04-28 10:49:00,SELL,SPY,0.54,,,,,,,,,,,
2026-04-28 10:52:00,BUY,SPXU,0.59,,,,,,,,,,,
2026-04-28 11:08:00,BUY,SPXU,0.94,,,,,,,,,,,
2026-04-28 11:12:00,BUY,SPXU,0.65,,,,,,,,,,,
2026-04-28 11:47:00,BUY,SPXU,0.51,,,,,,,,,,,
2026-04-28 12:18:00,SELL,SPY,0.56,,,,,,,,,,,
2026-04-28 12:44:00,BUY,SPY,0.52,,,,,,,,,,,
2026-04-28 13:11:00,BUY,UPRO,0.67,local-d01f7bb5-fb58-4753-adce-c46b126d6783,124.7,862,2026-04-28 13:11:00,local-3313d471-4463-4792-9a60-34380bec6b26,PROFIT,128.16,862,2026-04-30 09:30:00,2982.52,2.7747
2026-04-28 13:36:00,BUY,SPXU,0.79,,,,,,,,,,,
2026-04-28 13:36:00,SELL,UPRO,0.7,,,,,,,,,,,
2026-04-28 13:38:00,SELL,UPRO,0.61,,,,,,,,,,,
2026-04-28 14:26:00,BUY,SPY,0.59,,,,,,,,,,,
2026-04-28 14:28:00,BUY,SPY,0.59,,,,,,,,,,,
2026-04-28 14:52:00,BUY,SPXU,0.59,,,,,,,,,,,
2026-04-28 15:34:00,BUY,SPXU,0.53,,,,,,,,,,,
2026-04-28 16:17:00,SELL,UPRO,0.57,,,,,,,,,,,
2026-04-28 16:18:00,SELL,SPY,0.56,,,,,,,,,,,
2026-04-28 16:42:00,BUY,UPRO,0.52,,,,,,,,,,,
2026-04-28 16:44:00,BUY,SPY,0.52,,,,,,,,,,,
2026-04-28 18:26:00,BUY,SPY,0.59,,,,,,,,,,,
2026-04-28 18:28:00,BUY,SPY,0.59,,,,,,,,,,,
2026-04-28 19:39:00,SELL,SPY,0.54,,,,,,,,,,,
2026-04-28 19:43:00,BUY,SPXU,0.56,,,,,,,,,,,
2026-04-29 02:20:00,SELL,SPY,0.72,,,,,,,,,,,
2026-04-29 02:23:00,SELL,SPY,0.56,,,,,,,,,,,
2026-04-29 02:30:00,BUY,SPXU,0.93,,,,,,,,,,,
2026-04-29 02:35:00,SELL,UPRO,0.58,,,,,,,,,,,
2026-04-29 02:48:00,SELL,UPRO,0.55,,,,,,,,,,,
2026-04-29 04:48:00,SELL,SPY,0.51,,,,,,,,,,,
2026-04-29 06:14:00,SELL,SPY,0.53,,,,,,,,,,,
2026-04-29 06:15:00,SELL,UPRO,0.63,,,,,,,,,,,
2026-04-29 06:21:00,SELL,SPY,0.54,,,,,,,,,,,
2026-04-29 06:50:00,BUY,UPRO,0.56,,,,,,,,,,,
2026-04-29 06:52:00,SELL,SPXU,0.56,,,,,,,,,,,
2026-04-29 07:04:00,BUY,UPRO,0.52,,,,,,,,,,,
2026-04-29 07:13:00,SELL,SPXU,0.77,,,,,,,,,,,
2026-04-29 07:15:00,SELL,SPXU,0.54,,,,,,,,,,,
2026-04-29 08:07:00,BUY,SPXU,0.54,,,,,,,,,,,
2026-04-29 08:07:00,SELL,UPRO,0.54,,,,,,,,,,,
2026-04-29 08:09:00,BUY,SPXU,0.52,,,,,,,,,,,
2026-04-29 08:09:00,SELL,SPY,0.52,,,,,,,,,,,
2026-04-29 08:09:00,SELL,UPRO,0.55,,,,,,,,,,,
2026-04-29 08:11:00,BUY,SPXU,0.65,,,,,,,,,,,
2026-04-29 08:11:00,SELL,SPY,0.66,,,,,,,,,,,
2026-04-29 08:11:00,SELL,UPRO,0.56,,,,,,,,,,,
2026-04-29 08:37:00,BUY,UPRO,0.59,,,,,,,,,,,
2026-04-29 09:30:00,BUY,UPRO,0.63,,,,,,,,,,,
2026-04-29 11:00:00,BUY,SPXU,0.77,,,,,,,,,,,
2026-04-29 11:00:00,SELL,SPY,0.75,,,,,,,,,,,
2026-04-29 11:01:00,SELL,UPRO,0.8,,,,,,,,,,,
2026-04-29 11:02:00,BUY,SPXU,0.54,,,,,,,,,,,
2026-04-29 11:02:00,SELL,SPY,0.58,,,,,,,,,,,
2026-04-29 11:16:00,BUY,SPXU,0.56,,,,,,,,,,,
2026-04-29 11:20:00,BUY,SPXU,0.63,,,,,,,,,,,
2026-04-29 11:20:00,SELL,SPY,0.66,,,,,,,,,,,
2026-04-29 11:20:00,SELL,UPRO,0.67,,,,,,,,,,,
2026-04-29 11:22:00,SELL,UPRO,0.58,,,,,,,,,,,
2026-04-29 11:34:00,BUY,SPY,0.53,,,,,,,,,,,
2026-04-29 12:16:00,BUY,SPY,0.78,,,,,,,,,,,
2026-04-29 12:18:00,BUY,SPY,0.69,,,,,,,,,,,
2026-04-29 12:18:00,BUY,UPRO,0.67,,,,,,,,,,,
2026-04-29 12:31:00,SELL,SPY,0.71,,,,,,,,,,,
2026-04-29 12:55:00,BUY,SPY,0.62,,,,,,,,,,,
2026-04-29 13:09:00,BUY,SPY,0.51,,,,,,,,,,,
2026-04-29 13:29:00,SELL,UPRO,0.56,,,,,,,,,,,
2026-04-29 14:17:00,SELL,UPRO,0.86,,,,,,,,,,,
2026-04-29 14:20:00,SELL,SPY,0.75,,,,,,,,,,,
2026-04-29 14:21:00,SELL,UPRO,0.71,,,,,,,,,,,
2026-04-29 15:23:00,BUY,SPY,0.51,,,,,,,,,,,
2026-04-29 15:34:00,SELL,SPY,0.51,,,,,,,,,,,
2026-04-29 15:39:00,SELL,SPY,0.69,,,,,,,,,,,
2026-04-29 15:45:00,SELL,SPY,0.63,,,,,,,,,,,
2026-04-29 16:16:00,BUY,SPY,0.78,,,,,,,,,,,
2026-04-29 16:18:00,BUY,SPY,0.69,,,,,,,,,,,
2026-04-29 16:18:00,BUY,UPRO,0.67,,,,,,,,,,,
2026-04-29 16:19:00,SELL,SPXU,0.56,,,,,,,,,,,
2026-04-29 16:31:00,SELL,SPY,0.71,,,,,,,,,,,
2026-04-29 16:31:00,SELL,UPRO,0.72,,,,,,,,,,,
2026-04-29 16:32:00,BUY,SPXU,0.59,,,,,,,,,,,
2026-04-29 16:55:00,BUY,SPY,0.62,,,,,,,,,,,
2026-04-29 17:09:00,BUY,SPY,0.51,,,,,,,,,,,
2026-04-29 17:51:00,BUY,SPXU,0.65,,,,,,,,,,,
2026-04-29 18:20:00,BUY,SPXU,0.82,,,,,,,,,,,
2026-04-29 18:20:00,SELL,SPY,0.75,,,,,,,,,,,
2026-04-29 18:21:00,SELL,UPRO,0.71,,,,,,,,,,,
2026-04-29 19:23:00,BUY,SPY,0.51,,,,,,,,,,,
2026-04-29 19:34:00,SELL,SPY,0.51,,,,,,,,,,,
2026-04-29 19:39:00,SELL,SPY,0.69,,,,,,,,,,,
2026-04-29 19:45:00,SELL,SPY,0.63,,,,,,,,,,,
2026-04-29 19:46:00,SELL,UPRO,0.7,,,,,,,,,,,
2026-04-30 03:07:00,SELL,SPY,0.51,,,,,,,,,,,
2026-04-30 03:20:00,BUY,SPXU,0.79,,,,,,,,,,,
2026-04-30 03:20:00,SELL,UPRO,0.53,,,,,,,,,,,
2026-04-30 03:23:00,SELL,UPRO,0.57,,,,,,,,,,,
2026-04-30 03:30:00,BUY,SPXU,0.6,,,,,,,,,,,
2026-04-30 03:30:00,SELL,SPY,0.6,,,,,,,,,,,
2026-04-30 03:30:00,SELL,UPRO,0.54,,,,,,,,,,,
2026-04-30 04:22:00,BUY,SPXU,0.6,,,,,,,,,,,
2026-04-30 04:37:00,BUY,SPY,0.59,,,,,,,,,,,
2026-04-30 05:58:00,SELL,SPXU,0.59,,,,,,,,,,,
2026-04-30 05:58:00,BUY,SPY,0.56,,,,,,,,,,,
2026-04-30 05:58:00,BUY,UPRO,0.63,,,,,,,,,,,
2026-04-30 06:53:00,SELL,SPY,0.89,,,,,,,,,,,
2026-04-30 06:56:00,BUY,SPXU,0.77,,,,,,,,,,,
2026-04-30 06:56:00,SELL,SPY,0.81,,,,,,,,,,,
2026-04-30 06:56:00,SELL,UPRO,0.8,,,,,,,,,,,
2026-04-30 06:58:00,BUY,SPXU,0.78,,,,,,,,,,,
2026-04-30 06:58:00,SELL,SPY,0.77,,,,,,,,,,,
2026-04-30 06:59:00,SELL,UPRO,0.71,,,,,,,,,,,
2026-04-30 07:02:00,BUY,SPXU,0.52,,,,,,,,,,,
2026-04-30 07:02:00,SELL,SPY,0.53,,,,,,,,,,,
2026-04-30 07:02:00,SELL,UPRO,0.55,,,,,,,,,,,
2026-04-30 07:32:00,SELL,UPRO,0.51,,,,,,,,,,,
2026-04-30 07:46:00,BUY,SPY,0.55,,,,,,,,,,,
2026-04-30 07:56:00,SELL,SPY,0.58,,,,,,,,,,,
2026-04-30 07:56:00,SELL,UPRO,0.6,,,,,,,,,,,
2026-04-30 07:59:00,BUY,SPXU,0.61,,,,,,,,,,,
2026-04-30 07:59:00,SELL,UPRO,0.55,,,,,,,,,,,
2026-04-30 08:15:00,BUY,SPXU,0.5,,,,,,,,,,,
2026-04-30 08:15:00,SELL,SPY,0.51,,,,,,,,,,,
2026-04-30 09:11:00,SELL,UPRO,0.65,,,,,,,,,,,
2026-04-30 09:12:00,SELL,SPY,0.66,,,,,,,,,,,
2026-04-30 09:14:00,BUY,SPXU,0.52,,,,,,,,,,,
2026-04-30 10:53:00,SELL,SPY,0.89,,,,,,,,,,,
2026-04-30 10:56:00,BUY,SPXU,0.77,,,,,,,,,,,
2026-04-30 10:56:00,SELL,SPY,0.81,,,,,,,,,,,
2026-04-30 10:56:00,SELL,UPRO,0.8,,,,,,,,,,,
2026-04-30 10:58:00,BUY,SPXU,0.78,,,,,,,,,,,
2026-04-30 10:58:00,SELL,SPY,0.77,,,,,,,,,,,
2026-04-30 10:59:00,SELL,UPRO,0.71,,,,,,,,,,,
2026-04-30 11:02:00,BUY,SPXU,0.52,,,,,,,,,,,
2026-04-30 11:02:00,SELL,SPY,0.53,,,,,,,,,,,
2026-04-30 11:02:00,SELL,UPRO,0.55,,,,,,,,,,,
2026-04-30 11:32:00,SELL,UPRO,0.51,,,,,,,,,,,
2026-04-30 11:46:00,BUY,SPY,0.55,,,,,,,,,,,
2026-04-30 11:56:00,SELL,SPY,0.58,,,,,,,,,,,
2026-04-30 11:56:00,SELL,UPRO,0.6,,,,,,,,,,,
2026-04-30 11:59:00,BUY,SPXU,0.61,,,,,,,,,,,
2026-04-30 11:59:00,SELL,UPRO,0.55,,,,,,,,,,,
2026-04-30 12:15:00,BUY,SPXU,0.5,,,,,,,,,,,
2026-04-30 12:15:00,SELL,SPY,0.51,,,,,,,,,,,
2026-04-30 13:11:00,SELL,UPRO,0.65,,,,,,,,,,,
2026-04-30 13:12:00,SELL,SPY,0.66,,,,,,,,,,,
2026-04-30 13:14:00,BUY,SPXU,0.52,,,,,,,,,,,
2026-04-30 13:47:00,SELL,UPRO,0.55,,,,,,,,,,,
2026-04-30 14:44:00,BUY,SPXU,0.51,,,,,,,,,,,
2026-04-30 14:44:00,SELL,SPY,0.61,,,,,,,,,,,
2026-04-30 14:44:00,SELL,UPRO,0.57,,,,,,,,,,,
2026-04-30 14:46:00,SELL,SPY,0.54,,,,,,,,,,,
2026-04-30 14:49:00,SELL,SPY,0.57,,,,,,,,,,,
2026-04-30 15:18:00,BUY,SPXU,0.6,,,,,,,,,,,
2026-04-30 15:22:00,SELL,SPY,0.5,,,,,,,,,,,
2026-04-30 16:21:00,SELL,SPY,0.51,,,,,,,,,,,
2026-04-30 16:47:00,BUY,SPY,0.63,,,,,,,,,,,
2026-04-30 17:07:00,SELL,SPXU,0.58,,,,,,,,,,,
2026-04-30 18:10:00,SELL,SPY,0.74,,,,,,,,,,,
2026-04-30 18:11:00,BUY,SPXU,0.53,,,,,,,,,,,
2026-04-30 18:13:00,BUY,SPXU,0.77,,,,,,,,,,,
2026-04-30 18:14:00,SELL,SPY,0.54,,,,,,,,,,,
2026-04-30 18:16:00,BUY,SPXU,0.57,,,,,,,,,,,
2026-04-30 18:16:00,SELL,UPRO,0.59,,,,,,,,,,,
2026-04-30 18:28:00,BUY,SPY,0.53,,,,,,,,,,,
2026-04-30 18:38:00,BUY,UPRO,0.6,,,,,,,,,,,
2026-04-30 18:45:00,SELL,SPXU,0.54,,,,,,,,,,,
2026-04-30 18:49:00,SELL,SPXU,0.65,,,,,,,,,,,
2026-04-30 19:37:00,SELL,SPY,0.66,,,,,,,,,,,
2026-04-30 19:39:00,SELL,SPY,0.6,,,,,,,,,,,
2026-04-30 19:41:00,SELL,SPY,0.51,,,,,,,,,,,
2026-05-01 05:26:00,SELL,SPY,0.54,,,,,,,,,,,
2026-05-01 06:58:00,SELL,SPY,0.69,,,,,,,,,,,
2026-05-01 08:03:00,SELL,UPRO,0.61,,,,,,,,,,,
2026-05-01 08:06:00,BUY,SPXU,0.59,,,,,,,,,,,
2026-05-01 08:39:00,BUY,SPY,0.56,,,,,,,,,,,
2026-05-01 08:40:00,SELL,SPXU,0.62,,,,,,,,,,,
2026-05-01 08:42:00,BUY,SPY,0.68,,,,,,,,,,,
2026-05-01 08:50:00,BUY,UPRO,0.62,local-69973864-c0ab-4d24-8222-e223a738bdd0,130.59,846,2026-05-01 09:30:00,local-1bb401f6-1ffc-43c0-85b2-6c2f631b9340,STOP,127.91,846,2026-05-04 12:07:00,-2267.28,-2.0522
2026-05-01 09:10:00,BUY,SPXU,0.71,,,,,,,,,,,
2026-05-01 09:12:00,BUY,SPXU,0.56,,,,,,,,,,,
2026-05-01 11:05:00,BUY,SPY,0.56,,,,,,,,,,,
2026-05-01 11:05:00,BUY,UPRO,0.51,,,,,,,,,,,
2026-05-01 11:22:00,SELL,SPY,0.52,,,,,,,,,,,
2026-05-01 11:24:00,BUY,SPXU,0.52,,,,,,,,,,,
2026-05-01 11:24:00,SELL,SPY,0.67,,,,,,,,,,,
2026-05-01 11:25:00,SELL,UPRO,0.56,,,,,,,,,,,
2026-05-01 11:44:00,SELL,UPRO,0.57,,,,,,,,,,,
2026-05-01 11:45:00,SELL,SPY,0.64,,,,,,,,,,,
2026-05-01 11:48:00,BUY,SPXU,0.73,,,,,,,,,,,
2026-05-01 11:48:00,SELL,SPY,0.84,,,,,,,,,,,
2026-05-01 11:48:00,SELL,UPRO,0.76,,,,,,,,,,,
2026-05-01 12:11:00,SELL,SPXU,0.57,,,,,,,,,,,
2026-05-01 12:11:00,BUY,SPY,0.62,,,,,,,,,,,
2026-05-01 12:11:00,BUY,UPRO,0.51,,,,,,,,,,,
2026-05-01 12:15:00,SELL,SPXU,0.62,,,,,,,,,,,
2026-05-01 12:15:00,BUY,SPY,0.61,,,,,,,,,,,
2026-05-01 12:15:00,BUY,UPRO,0.67,,,,,,,,,,,
2026-05-01 13:22:00,BUY,SPXU,0.57,,,,,,,,,,,
2026-05-01 13:23:00,SELL,SPY,0.65,,,,,,,,,,,
2026-05-01 13:33:00,BUY,SPXU,0.57,,,,,,,,,,,
2026-05-01 13:33:00,SELL,SPY,0.7,,,,,,,,,,,
2026-05-01 15:10:00,SELL,SPY,0.59,,,,,,,,,,,
2026-05-01 15:16:00,BUY,SPXU,0.56,,,,,,,,,,,
2026-05-01 15:16:00,SELL,SPY,0.62,,,,,,,,,,,
2026-05-01 15:16:00,SELL,UPRO,0.54,,,,,,,,,,,
2026-05-01 15:19:00,BUY,SPXU,0.64,,,,,,,,,,,
2026-05-01 15:19:00,SELL,SPY,0.64,,,,,,,,,,,
2026-05-01 15:19:00,SELL,UPRO,0.75,,,,,,,,,,,
2026-05-01 15:22:00,BUY,SPXU,0.58,,,,,,,,,,,
2026-05-01 15:22:00,SELL,SPY,0.53,,,,,,,,,,,
2026-05-01 15:22:00,SELL,UPRO,0.67,,,,,,,,,,,
2026-05-01 15:27:00,SELL,SPY,0.53,,,,,,,,,,,
2026-05-01 15:27:00,SELL,UPRO,0.63,,,,,,,,,,,
2026-05-01 16:10:00,BUY,UPRO,0.62,,,,,,,,,,,
2026-05-01 16:12:00,SELL,SPXU,0.54,,,,,,,,,,,
2026-05-01 16:12:00,BUY,SPY,0.54,,,,,,,,,,,
2026-05-01 16:14:00,SELL,SPXU,0.59,,,,,,,,,,,
2026-05-01 16:14:00,BUY,UPRO,0.52,,,,,,,,,,,
2026-05-01 16:17:00,BUY,UPRO,0.61,,,,,,,,,,,
2026-05-01 16:22:00,BUY,UPRO,0.58,,,,,,,,,,,
2026-05-01 16:28:00,BUY,SPY,0.62,,,,,,,,,,,
2026-05-01 16:32:00,BUY,UPRO,0.55,,,,,,,,,,,
2026-05-01 16:35:00,SELL,SPXU,0.53,,,,,,,,,,,
2026-05-01 16:39:00,SELL,SPXU,0.56,,,,,,,,,,,
2026-05-01 17:16:00,SELL,SPY,0.6,,,,,,,,,,,
2026-05-01 17:19:00,SELL,SPY,0.68,,,,,,,,,,,
2026-05-01 17:57:00,SELL,SPY,0.53,,,,,,,,,,,
2026-05-01 18:32:00,BUY,SPY,0.53,,,,,,,,,,,
2026-05-04 04:31:00,SELL,SPY,0.64,,,,,,,,,,,
2026-05-04 06:31:00,SELL,SPY,0.51,,,,,,,,,,,
2026-05-04 06:36:00,SELL,SPY,0.85,,,,,,,,,,,
2026-05-04 06:37:00,BUY,SPXU,0.76,,,,,,,,,,,
2026-05-04 06:39:00,SELL,UPRO,0.62,,,,,,,,,,,
2026-05-04 06:42:00,SELL,SPY,0.51,,,,,,,,,,,
2026-05-04 06:45:00,SELL,SPY,0.52,,,,,,,,,,,
2026-05-04 06:46:00,BUY,SPXU,0.54,,,,,,,,,,,
2026-05-04 07:00:00,SELL,UPRO,0.65,,,,,,,,,,,
2026-05-04 07:02:00,SELL,UPRO,0.55,,,,,,,,,,,
2026-05-04 07:32:00,BUY,SPY,0.51,,,,,,,,,,,
2026-05-04 08:06:00,BUY,SPXU,0.53,,,,,,,,,,,
2026-05-04 09:52:00,BUY,SPXU,0.67,,,,,,,,,,,
2026-05-04 09:52:00,SELL,SPY,0.62,,,,,,,,,,,
2026-05-04 09:53:00,SELL,UPRO,0.54,,,,,,,,,,,
2026-05-04 09:54:00,SELL,SPY,0.57,,,,,,,,,,,
2026-05-04 10:23:00,BUY,SPXU,0.72,,,,,,,,,,,
2026-05-04 10:23:00,SELL,SPY,0.69,,,,,,,,,,,
2026-05-04 10:43:00,BUY,SPXU,0.57,,,,,,,,,,,
2026-05-04 10:43:00,SELL,SPY,0.56,,,,,,,,,,,
2026-05-04 11:14:00,SELL,SPXU,0.66,,,,,,,,,,,
2026-05-04 11:15:00,BUY,SPY,0.55,,,,,,,,,,,
2026-05-04 12:57:00,BUY,SPY,0.54,,,,,,,,,,,
2026-05-04 12:57:00,BUY,UPRO,0.54,local-7851e144-93ac-4679-a2f4-2592e3adf6e7,128.05,845,2026-05-04 12:57:00,local-70126c6b-0d21-4859-ac4a-79d0c84329fc,PROFIT,130.84,845,2026-05-05 09:30:00,2357.55,2.1788
2026-05-04 13:08:00,SELL,SPY,0.59,,,,,,,,,,,
2026-05-04 13:30:00,SELL,UPRO,0.59,,,,,,,,,,,
2026-05-04 14:19:00,BUY,SPY,0.65,,,,,,,,,,,
2026-05-04 14:21:00,BUY,UPRO,0.62,,,,,,,,,,,
2026-05-04 16:13:00,BUY,SPY,0.6,,,,,,,,,,,
2026-05-04 16:43:00,BUY,SPY,0.7,,,,,,,,,,,
2026-05-04 19:13:00,BUY,UPRO,0.5,,,,,,,,,,,
2026-05-05 04:15:00,SELL,SPY,0.87,,,,,,,,,,,
2026-05-05 07:06:00,SELL,SPXU,0.71,,,,,,,,,,,
2026-05-05 07:14:00,SELL,SPXU,0.51,,,,,,,,,,,
2026-05-05 07:33:00,SELL,UPRO,0.64,,,,,,,,,,,
2026-05-05 07:38:00,SELL,UPRO,0.88,,,,,,,,,,,
2026-05-05 07:41:00,SELL,UPRO,0.83,,,,,,,,,,,
2026-05-05 07:42:00,BUY,SPXU,0.64,,,,,,,,,,,
2026-05-05 07:43:00,SELL,UPRO,0.74,,,,,,,,,,,
2026-05-05 07:44:00,BUY,SPXU,0.55,,,,,,,,,,,
2026-05-05 07:51:00,SELL,UPRO,0.63,,,,,,,,,,,
2026-05-05 08:41:00,BUY,SPY,0.64,,,,,,,,,,,
2026-05-05 08:42:00,SELL,SPXU,0.75,,,,,,,,,,,
2026-05-05 08:46:00,BUY,UPRO,0.51,,,,,,,,,,,
2026-05-05 09:23:00,SELL,SPXU,0.76,,,,,,,,,,,
2026-05-05 09:23:00,BUY,SPY,0.56,,,,,,,,,,,
2026-05-05 09:23:00,BUY,UPRO,0.68,,,,,,,,,,,
2026-05-05 10:10:00,BUY,SPXU,0.5,,,,,,,,,,,
2026-05-05 10:39:00,SELL,SPXU,0.51,,,,,,,,,,,
2026-05-05 10:39:00,BUY,SPY,0.55,,,,,,,,,,,
2026-05-05 10:39:00,BUY,UPRO,0.52,local-fc9b042a-b333-4b6a-81a3-c6aabaf649fc,131.3001,842,2026-05-05 10:39:00,local-d1902734-8ad6-4d5d-8bcb-39c49405cd3a,PROFIT,134.19,842,2026-05-06 09:30:00,2433.2958,2.201
2026-05-05 11:02:00,SELL,UPRO,0.53,,,,,,,,,,,
2026-05-05 11:07:00,BUY,SPXU,0.65,,,,,,,,,,,
2026-05-05 11:07:00,SELL,SPY,0.67,,,,,,,,,,,
2026-05-05 11:07:00,SELL,UPRO,0.67,,,,,,,,,,,
2026-05-05 12:00:00,BUY,SPY,0.56,,,,,,,,,,,
2026-05-05 12:11:00,SELL,SPY,0.56,,,,,,,,,,,
2026-05-05 12:13:00,SELL,SPY,0.62,,,,,,,,,,,
2026-05-05 12:23:00,BUY,SPXU,0.51,,,,,,,,,,,
2026-05-05 13:10:00,SELL,SPXU,0.55,,,,,,,,,,,
2026-05-05 13:37:00,BUY,SPXU,0.52,,,,,,,,,,,
2026-05-05 13:37:00,SELL,SPY,0.57,,,,,,,,,,,
2026-05-05 13:53:00,SELL,SPY,0.67,,,,,,,,,,,
2026-05-05 14:35:00,BUY,SPY,0.57,,,,,,,,,,,
2026-05-05 14:35:00,BUY,UPRO,0.54,,,,,,,,,,,
2026-05-05 14:40:00,SELL,SPXU,0.5,,,,,,,,,,,
2026-05-05 15:08:00,SELL,SPY,0.58,,,,,,,,,,,
2026-05-05 15:08:00,SELL,UPRO,0.72,,,,,,,,,,,
2026-05-05 16:38:00,BUY,SPXU,0.6,,,,,,,,,,,
2026-05-05 16:42:00,BUY,SPY,0.55,,,,,,,,,,,
2026-05-05 16:48:00,BUY,SPY,0.58,,,,,,,,,,,
2026-05-05 16:50:00,BUY,UPRO,0.62,,,,,,,,,,,
2026-05-05 16:51:00,SELL,SPXU,0.89,,,,,,,,,,,
2026-05-05 16:51:00,BUY,SPY,0.54,,,,,,,,,,,
2026-05-05 16:55:00,SELL,SPXU,0.51,,,,,,,,,,,
2026-05-05 17:04:00,SELL,SPY,0.62,,,,,,,,,,,
2026-05-05 17:08:00,SELL,SPY,0.66,,,,,,,,,,,
2026-05-05 18:32:00,SELL,SPY,0.57,,,,,,,,,,,
2026-05-05 18:41:00,SELL,SPY,0.6,,,,,,,,,,,
2026-05-05 18:43:00,SELL,SPY,0.59,,,,,,,,,,,
2026-05-06 05:10:00,BUY,SPY,0.7,,,,,,,,,,,
2026-05-06 05:11:00,SELL,SPXU,0.71,,,,,,,,,,,
2026-05-06 05:18:00,SELL,SPY,0.76,,,,,,,,,,,
2026-05-06 05:20:00,SELL,SPY,0.7,,,,,,,,,,,
2026-05-06 05:21:00,BUY,SPXU,0.52,,,,,,,,,,,
2026-05-06 05:22:00,SELL,SPY,0.6,,,,,,,,,,,
2026-05-06 05:37:00,SELL,SPY,0.5,,,,,,,,,,,
2026-05-06 05:46:00,SELL,UPRO,0.54,,,,,,,,,,,
2026-05-06 06:02:00,SELL,UPRO,0.53,,,,,,,,,,,
2026-05-06 06:23:00,SELL,SPY,0.54,,,,,,,,,,,
2026-05-06 06:34:00,BUY,SPXU,0.64,,,,,,,,,,,
2026-05-06 06:46:00,BUY,SPXU,0.58,,,,,,,,,,,
2026-05-06 06:46:00,SELL,SPY,0.62,,,,,,,,,,,
2026-05-06 07:24:00,BUY,SPY,0.52,,,,,,,,,,,
2026-05-06 07:29:00,BUY,SPY,0.61,,,,,,,,,,,
2026-05-06 07:31:00,SELL,SPXU,0.64,,,,,,,,,,,
2026-05-06 07:31:00,BUY,SPY,0.74,,,,,,,,,,,
2026-05-06 07:31:00,BUY,UPRO,0.56,,,,,,,,,,,
2026-05-06 07:33:00,SELL,SPXU,0.72,,,,,,,,,,,
2026-05-06 07:33:00,BUY,SPY,0.67,,,,,,,,,,,
2026-05-06 07:33:00,BUY,UPRO,0.73,,,,,,,,,,,
2026-05-06 08:07:00,SELL,SPXU,0.55,,,,,,,,,,,
2026-05-06 08:28:00,BUY,SPXU,0.56,,,,,,,,,,,
2026-05-06 08:30:00,SELL,SPY,0.51,,,,,,,,,,,
2026-05-06 08:32:00,SELL,SPY,0.51,,,,,,,,,,,
2026-05-06 10:37:00,BUY,SPXU,0.51,,,,,,,,,,,
2026-05-06 10:37:00,SELL,UPRO,0.51,,,,,,,,,,,
2026-05-06 10:43:00,BUY,SPXU,0.85,,,,,,,,,,,
2026-05-06 10:43:00,SELL,SPY,0.79,,,,,,,,,,,
2026-05-06 10:43:00,SELL,UPRO,0.76,,,,,,,,,,,
2026-05-06 10:45:00,BUY,SPXU,0.77,,,,,,,,,,,
2026-05-06 10:45:00,SELL,SPY,0.7,,,,,,,,,,,
2026-05-06 10:45:00,SELL,UPRO,0.67,,,,,,,,,,,
2026-05-06 11:02:00,BUY,SPXU,0.64,,,,,,,,,,,
2026-05-06 11:02:00,SELL,SPY,0.55,,,,,,,,,,,
2026-05-06 11:02:00,SELL,UPRO,0.59,,,,,,,,,,,
2026-05-06 11:06:00,BUY,SPXU,0.65,,,,,,,,,,,
2026-05-06 11:06:00,SELL,SPY,0.54,,,,,,,,,,,
2026-05-06 11:06:00,SELL,UPRO,0.59,,,,,,,,,,,
2026-05-06 11:36:00,SELL,SPXU,0.53,,,,,,,,,,,
2026-05-06 11:36:00,BUY,SPY,0.54,,,,,,,,,,,
2026-05-06 11:57:00,SELL,SPY,0.59,,,,,,,,,,,
2026-05-06 11:57:00,SELL,UPRO,0.54,,,,,,,,,,,
2026-05-06 12:41:00,SELL,SPXU,0.5,,,,,,,,,,,
2026-05-06 13:11:00,BUY,SPXU,0.53,,,,,,,,,,,
2026-05-06 13:11:00,SELL,SPY,0.51,,,,,,,,,,,
2026-05-06 13:11:00,SELL,UPRO,0.58,,,,,,,,,,,
2026-05-06 13:13:00,BUY,SPXU,0.51,,,,,,,,,,,
2026-05-06 13:15:00,SELL,UPRO,0.7,,,,,,,,,,,
2026-05-06 13:53:00,SELL,SPY,0.56,,,,,,,,,,,
2026-05-06 13:53:00,SELL,UPRO,0.53,local-fd8e7811-d1a7-4145-8be8-548648c51793,136.8486,825,2026-05-06 14:49:00,local-9f5433e2-da5e-40aa-badd-5b9a80b5cf30,PROFIT,139.67,825,2026-05-11 09:44:00,2327.655,2.0617
2026-05-06 14:24:00,SELL,UPRO,0.66,,,,,,,,,,,
2026-05-06 14:27:00,SELL,UPRO,0.59,,,,,,,,,,,
2026-05-06 14:49:00,SELL,SPXU,0.7,,,,,,,,,,,
2026-05-06 14:49:00,BUY,UPRO,0.62,,,,,,,,,,,
2026-05-06 14:51:00,SELL,SPXU,0.61,,,,,,,,,,,
2026-05-06 14:51:00,BUY,UPRO,0.63,,,,,,,,,,,
2026-05-06 15:04:00,SELL,SPY,0.65,,,,,,,,,,,
2026-05-06 16:35:00,BUY,SPY,0.52,,,,,,,,,,,
2026-05-06 16:40:00,BUY,SPY,0.68,,,,,,,,,,,
2026-05-06 16:40:00,BUY,UPRO,0.52,,,,,,,,,,,
2026-05-06 16:42:00,BUY,SPY,0.72,,,,,,,,,,,
2026-05-06 16:44:00,BUY,SPY,0.6,,,,,,,,,,,
2026-05-06 16:46:00,BUY,SPY,0.5,,,,,,,,,,,
2026-05-06 16:50:00,SELL,SPXU,0.66,,,,,,,,,,,
2026-05-06 16:53:00,BUY,UPRO,0.69,,,,,,,,,,,
2026-05-06 16:56:00,BUY,UPRO,0.55,,,,,,,,,,,
2026-05-06 17:25:00,BUY,SPY,0.53,,,,,,,,,,,
2026-05-06 18:00:00,SELL,SPXU,0.59,,,,,,,,,,,
2026-05-07 05:15:00,BUY,UPRO,0.55,,,,,,,,,,,
2026-05-07 05:20:00,SELL,SPY,0.53,,,,,,,,,,,
2026-05-07 05:23:00,SELL,SPY,0.58,,,,,,,,,,,
2026-05-07 07:28:00,BUY,UPRO,0.5,,,,,,,,,,,
2026-05-07 08:08:00,SELL,UPRO,0.56,,,,,,,,,,,
2026-05-07 08:15:00,SELL,UPRO,0.54,,,,,,,,,,,
2026-05-07 08:39:00,SELL,SPY,0.53,,,,,,,,,,,
2026-05-07 09:20:00,SELL,SPY,0.61,,,,,,,,,,,
2026-05-07 09:23:00,SELL,SPY,0.51,,,,,,,,,,,
2026-05-07 10:08:00,SELL,SPY,0.51,,,,,,,,,,,
2026-05-07 10:08:00,SELL,UPRO,0.51,,,,,,,,,,,
2026-05-07 10:13:00,BUY,SPXU,0.5,,,,,,,,,,,
2026-05-07 10:13:00,SELL,SPY,0.56,,,,,,,,,,,
2026-05-07 10:43:00,SELL,SPY,0.51,,,,,,,,,,,
2026-05-07 10:43:00,SELL,UPRO,0.52,,,,,,,,,,,
2026-05-07 10:47:00,SELL,UPRO,0.53,,,,,,,,,,,
2026-05-07 10:57:00,SELL,SPY,0.56,,,,,,,,,,,
2026-05-07 10:57:00,SELL,UPRO,0.55,,,,,,,,,,,
2026-05-07 11:03:00,SELL,SPY,0.54,,,,,,,,,,,
2026-05-07 11:51:00,BUY,UPRO,0.5,,,,,,,,,,,
2026-05-07 12:13:00,BUY,UPRO,0.54,,,,,,,,,,,
2026-05-07 12:29:00,SELL,SPY,0.56,,,,,,,,,,,
2026-05-07 12:30:00,SELL,UPRO,0.55,,,,,,,,,,,
2026-05-07 12:34:00,BUY,SPXU,0.75,,,,,,,,,,,
2026-05-07 12:34:00,SELL,SPY,0.76,,,,,,,,,,,
2026-05-07 12:34:00,SELL,UPRO,0.88,,,,,,,,,,,
2026-05-07 12:36:00,BUY,SPXU,0.63,,,,,,,,,,,
2026-05-07 12:47:00,BUY,UPRO,0.54,,,,,,,,,,,
2026-05-07 12:58:00,BUY,SPY,0.55,,,,,,,,,,,
2026-05-07 12:58:00,BUY,UPRO,0.54,,,,,,,,,,,
2026-05-07 13:21:00,BUY,SPY,0.53,,,,,,,,,,,
2026-05-07 13:51:00,SELL,SPXU,0.53,,,,,,,,,,,
2026-05-07 13:51:00,BUY,UPRO,0.65,,,,,,,,,,,
2026-05-07 13:53:00,SELL,SPXU,0.61,,,,,,,,,,,
2026-05-07 13:53:00,BUY,UPRO,0.68,,,,,,,,,,,
2026-05-07 13:54:00,BUY,SPY,0.57,,,,,,,,,,,
2026-05-07 15:38:00,SELL,UPRO,0.58,,,,,,,,,,,
2026-05-07 15:39:00,BUY,SPXU,0.61,,,,,,,,,,,
2026-05-07 16:56:00,SELL,SPXU,0.52,,,,,,,,,,,
2026-05-07 17:01:00,SELL,SPXU,0.53,,,,,,,,,,,
2026-05-07 17:15:00,BUY,SPY,0.65,,,,,,,,,,,
2026-05-07 18:23:00,SELL,UPRO,0.55,,,,,,,,,,,
2026-05-07 18:25:00,SELL,SPY,0.54,,,,,,,,,,,
2026-05-07 18:26:00,SELL,UPRO,0.52,,,,,,,,,,,
2026-05-07 18:38:00,BUY,SPY,0.67,,,,,,,,,,,
2026-05-07 19:13:00,SELL,SPY,0.52,,,,,,,,,,,
2026-05-07 19:46:00,SELL,UPRO,0.72,,,,,,,,,,,
2026-05-08 05:14:00,SELL,SPY,0.82,,,,,,,,,,,
2026-05-08 05:17:00,SELL,SPY,0.52,,,,,,,,,,,
2026-05-08 05:29:00,SELL,UPRO,0.55,,,,,,,,,,,
2026-05-08 05:49:00,BUY,SPY,0.57,,,,,,,,,,,
2026-05-08 07:10:00,SELL,SPY,0.56,,,,,,,,,,,
2026-05-08 07:36:00,SELL,SPY,0.53,,,,,,,,,,,
2026-05-08 07:40:00,BUY,SPXU,0.58,,,,,,,,,,,
2026-05-08 07:43:00,BUY,SPXU,0.52,,,,,,,,,,,
2026-05-08 07:52:00,SELL,UPRO,0.52,,,,,,,,,,,
2026-05-08 08:52:00,SELL,SPXU,0.52,,,,,,,,,,,
2026-05-08 08:53:00,BUY,UPRO,0.53,,,,,,,,,,,
2026-05-08 08:56:00,BUY,SPY,0.64,,,,,,,,,,,
2026-05-08 10:04:00,SELL,UPRO,0.51,,,,,,,,,,,
2026-05-08 10:26:00,BUY,SPXU,0.51,,,,,,,,,,,
2026-05-08 10:26:00,SELL,SPY,0.56,,,,,,,,,,,
2026-05-08 10:26:00,SELL,UPRO,0.56,,,,,,,,,,,
2026-05-08 10:51:00,BUY,SPXU,0.56,,,,,,,,,,,
2026-05-08 10:51:00,SELL,UPRO,0.57,,,,,,,,,,,
2026-05-08 11:10:00,SELL,SPXU,0.52,,,,,,,,,,,
2026-05-08 12:13:00,SELL,UPRO,0.56,,,,,,,,,,,
2026-05-08 13:23:00,BUY,SPXU,0.55,,,,,,,,,,,
2026-05-08 13:26:00,SELL,SPY,0.56,,,,,,,,,,,
2026-05-08 13:31:00,SELL,SPY,0.52,,,,,,,,,,,
2026-05-08 15:18:00,BUY,SPXU,0.5,,,,,,,,,,,
2026-05-08 15:42:00,BUY,SPXU,0.51,,,,,,,,,,,
2026-05-08 15:46:00,SELL,SPY,0.74,,,,,,,,,,,
2026-05-08 15:47:00,SELL,UPRO,0.59,,,,,,,,,,,
2026-05-08 15:48:00,BUY,SPXU,0.57,,,,,,,,,,,
2026-05-08 15:48:00,SELL,SPY,0.57,,,,,,,,,,,
2026-05-08 16:20:00,BUY,SPY,0.65,,,,,,,,,,,
2026-05-08 16:21:00,BUY,UPRO,0.55,,,,,,,,,,,
2026-05-08 16:22:00,SELL,SPXU,0.64,,,,,,,,,,,
2026-05-08 16:51:00,SELL,UPRO,0.6,,,,,,,,,,,
2026-05-08 17:18:00,SELL,SPY,0.5,,,,,,,,,,,
2026-05-11 04:26:00,SELL,SPY,0.56,,,,,,,,,,,
2026-05-11 04:54:00,SELL,SPY,0.5,,,,,,,,,,,
2026-05-11 05:47:00,SELL,SPY,0.52,,,,,,,,,,,
2026-05-11 07:29:00,SELL,SPY,0.58,,,,,,,,,,,
2026-05-11 07:31:00,SELL,UPRO,0.62,,,,,,,,,,,
2026-05-11 07:39:00,BUY,SPXU,0.7,,,,,,,,,,,
2026-05-11 07:48:00,BUY,SPY,0.56,,,,,,,,,,,
2026-05-11 07:56:00,BUY,UPRO,0.56,,,,,,,,,,,
2026-05-11 08:00:00,BUY,UPRO,0.7,,,,,,,,,,,
2026-05-11 08:23:00,SELL,SPXU,0.72,,,,,,,,,,,
2026-05-11 09:18:00,BUY,SPXU,0.52,,,,,,,,,,,
2026-05-11 09:18:00,SELL,UPRO,0.6,,,,,,,,,,,
2026-05-11 09:24:00,BUY,SPXU,0.61,,,,,,,,,,,
2026-05-11 10:17:00,BUY,SPXU,0.59,,,,,,,,,,,
2026-05-11 10:17:00,SELL,SPY,0.61,,,,,,,,,,,
2026-05-11 10:17:00,SELL,UPRO,0.58,,,,,,,,,,,
2026-05-11 10:19:00,SELL,UPRO,0.63,,,,,,,,,,,
2026-05-11 10:20:00,SELL,SPY,0.61,,,,,,,,,,,
2026-05-11 10:23:00,BUY,SPXU,0.54,,,,,,,,,,,
2026-05-11 10:23:00,SELL,SPY,0.59,,,,,,,,,,,
2026-05-11 10:25:00,BUY,SPXU,0.61,,,,,,,,,,,
2026-05-11 10:25:00,SELL,SPY,0.65,,,,,,,,,,,
2026-05-11 10:46:00,BUY,SPXU,0.63,,,,,,,,,,,
2026-05-11 10:47:00,SELL,SPY,0.58,,,,,,,,,,,
2026-05-11 10:54:00,BUY,SPXU,0.67,,,,,,,,,,,
2026-05-11 10:55:00,SELL,SPY,0.74,,,,,,,,,,,
2026-05-11 11:00:00,SELL,SPY,0.5,,,,,,,,,,,
2026-05-11 11:31:00,SELL,SPY,0.71,,,,,,,,,,,
2026-05-11 11:31:00,SELL,UPRO,0.72,,,,,,,,,,,
2026-05-11 12:40:00,BUY,SPY,0.55,,,,,,,,,,,
2026-05-11 13:15:00,BUY,UPRO,0.52,local-6ad763f0-17a7-4b2b-85e2-05c2effb3b3a,140.09,823,2026-05-11 13:15:00,local-0b7962e6-37eb-43fc-870f-ea26a600d7ec,STOP,137.985,823,2026-05-12 09:51:00,-1732.415,-1.5026
2026-05-11 13:17:00,BUY,SPY,0.5,,,,,,,,,,,
2026-05-11 13:19:00,BUY,SPY,0.63,,,,,,,,,,,
2026-05-11 13:19:00,BUY,UPRO,0.7,,,,,,,,,,,
2026-05-11 13:37:00,SELL,SPY,0.78,,,,,,,,,,,
2026-05-11 13:38:00,BUY,SPXU,0.69,,,,,,,,,,,
2026-05-11 13:39:00,SELL,UPRO,0.58,,,,,,,,,,,
2026-05-11 13:45:00,BUY,SPXU,0.62,,,,,,,,,,,
2026-05-11 13:45:00,SELL,SPY,0.72,,,,,,,,,,,
2026-05-11 13:45:00,SELL,UPRO,0.71,,,,,,,,,,,
2026-05-11 14:16:00,BUY,UPRO,0.55,,,,,,,,,,,
2026-05-11 14:17:00,SELL,SPXU,0.61,,,,,,,,,,,
2026-05-11 14:19:00,SELL,SPXU,0.51,,,,,,,,,,,
2026-05-11 14:19:00,BUY,UPRO,0.63,,,,,,,,,,,
2026-05-11 14:37:00,SELL,SPXU,0.58,,,,,,,,,,,
2026-05-11 14:37:00,BUY,UPRO,0.61,,,,,,,,,,,
2026-05-11 14:56:00,SELL,SPXU,0.55,,,,,,,,,,,
2026-05-11 16:35:00,SELL,SPY,0.55,,,,,,,,,,,
2026-05-11 16:37:00,SELL,SPY,0.61,,,,,,,,,,,
2026-05-11 18:17:00,BUY,SPXU,0.53,,,,,,,,,,,
2026-05-11 18:35:00,SELL,SPY,0.56,,,,,,,,,,,
2026-05-11 18:40:00,SELL,SPY,0.66,,,,,,,,,,,
2026-05-11 18:40:00,SELL,UPRO,0.67,,,,,,,,,,,
2026-05-11 18:43:00,SELL,SPY,0.61,,,,,,,,,,,
2026-05-12 05:04:00,SELL,SPY,0.55,,,,,,,,,,,
2026-05-12 05:07:00,BUY,UPRO,0.51,,,,,,,,,,,
2026-05-12 05:29:00,SELL,SPY,0.56,,,,,,,,,,,
2026-05-12 05:35:00,SELL,SPY,0.53,,,,,,,,,,,
2026-05-12 06:15:00,SELL,SPY,0.59,,,,,,,,,,,
2026-05-12 06:17:00,SELL,UPRO,0.54,,,,,,,,,,,
2026-05-12 06:28:00,BUY,SPY,0.55,,,,,,,,,,,
2026-05-12 07:40:00,BUY,SPXU,0.57,,,,,,,,,,,
2026-05-12 07:43:00,BUY,SPXU,0.62,,,,,,,,,,,
2026-05-12 07:44:00,SELL,UPRO,0.62,,,,,,,,,,,
2026-05-12 07:45:00,BUY,SPXU,0.6,,,,,,,,,,,
2026-05-12 07:47:00,BUY,SPXU,0.51,,,,,,,,,,,
2026-05-12 08:07:00,SELL,SPXU,0.72,,,,,,,,,,,
2026-05-12 08:47:00,BUY,SPXU,0.65,,,,,,,,,,,
2026-05-12 08:47:00,SELL,SPY,0.66,,,,,,,,,,,
2026-05-12 08:49:00,BUY,SPXU,0.54,,,,,,,,,,,
2026-05-12 08:53:00,SELL,UPRO,0.61,,,,,,,,,,,
2026-05-12 09:21:00,BUY,UPRO,0.51,,,,,,,,,,,
2026-05-12 10:29:00,SELL,SPXU,0.77,,,,,,,,,,,
2026-05-12 10:29:00,BUY,SPY,0.67,,,,,,,,,,,
2026-05-12 10:58:00,SELL,SPXU,0.55,,,,,,,,,,,
2026-05-12 10:58:00,BUY,SPY,0.55,,,,,,,,,,,
2026-05-12 10:58:00,BUY,UPRO,0.5,local-20b206cc-10d3-4de5-a1da-113d01cf2016,137.06,828,2026-05-12 10:58:00,local-a63b750b-96ce-42dd-b102-371d668f8c47,PROFIT,139.87,828,2026-05-12 15:53:00,2326.68,2.0502
2026-05-12 11:45:00,SELL,SPY,0.66,,,,,,,,,,,
2026-05-12 12:54:00,SELL,SPXU,0.72,,,,,,,,,,,
2026-05-12 13:22:00,BUY,SPXU,0.58,,,,,,,,,,,
2026-05-12 13:22:00,SELL,UPRO,0.65,,,,,,,,,,,
2026-05-12 15:14:00,SELL,SPY,0.71,,,,,,,,,,,
2026-05-12 15:35:00,BUY,SPXU,0.79,,,,,,,,,,,
2026-05-12 15:35:00,SELL,SPY,0.71,,,,,,,,,,,
2026-05-12 15:35:00,SELL,UPRO,0.7,,,,,,,,,,,
2026-05-12 15:38:00,SELL,SPY,0.66,,,,,,,,,,,
2026-05-12 15:40:00,SELL,SPY,0.56,,,,,,,,,,,
2026-05-12 16:09:00,BUY,SPY,0.7,,,,,,,,,,,
2026-05-12 16:12:00,SELL,SPXU,0.82,,,,,,,,,,,
2026-05-12 16:12:00,BUY,SPY,0.68,,,,,,,,,,,
2026-05-12 16:14:00,BUY,UPRO,0.54,,,,,,,,,,,
2026-05-12 17:10:00,BUY,SPY,0.69,,,,,,,,,,,
2026-05-12 17:20:00,BUY,UPRO,0.54,,,,,,,,,,,
2026-05-12 18:26:00,SELL,SPY,0.62,,,,,,,,,,,
2026-05-12 18:28:00,SELL,UPRO,0.61,,,,,,,,,,,
2026-05-12 18:30:00,SELL,SPY,0.52,,,,,,,,,,,
2026-05-12 19:00:00,BUY,UPRO,0.64,,,,,,,,,,,
2026-05-12 19:09:00,BUY,UPRO,0.67,,,,,,,,,,,
2026-05-12 19:18:00,SELL,SPXU,0.58,,,,,,,,,,,
2026-05-12 19:27:00,SELL,SPXU,0.78,,,,,,,,,,,
2026-05-12 19:39:00,BUY,SPY,0.71,,,,,,,,,,,
2026-05-13 04:17:00,SELL,SPY,0.6,,,,,,,,,,,
2026-05-13 04:19:00,SELL,SPY,0.55,,,,,,,,,,,
2026-05-13 04:58:00,BUY,UPRO,0.53,,,,,,,,,,,
2026-05-13 05:05:00,BUY,UPRO,0.59,,,,,,,,,,,
2026-05-13 05:12:00,BUY,SPY,0.51,,,,,,,,,,,
2026-05-13 05:28:00,SELL,SPXU,0.66,,,,,,,,,,,
2026-05-13 05:29:00,BUY,UPRO,0.61,,,,,,,,,,,
2026-05-13 05:53:00,SELL,SPXU,0.52,,,,,,,,,,,
2026-05-13 05:59:00,SELL,SPY,0.52,,,,,,,,,,,
2026-05-13 06:06:00,SELL,SPY,0.52,,,,,,,,,,,
2026-05-13 06:38:00,BUY,SPY,0.57,,,,,,,,,,,
2026-05-13 06:48:00,SELL,SPY,0.5,,,,,,,,,,,
2026-05-13 09:07:00,SELL,SPY,0.6,,,,,,,,,,,
2026-05-13 09:09:00,BUY,SPXU,0.65,,,,,,,,,,,
2026-05-13 09:10:00,SELL,SPY,0.63,,,,,,,,,,,
2026-05-13 09:13:00,SELL,SPY,0.57,,,,,,,,,,,
2026-05-13 09:14:00,BUY,SPXU,0.75,,,,,,,,,,,
2026-05-13 09:23:00,SELL,UPRO,0.75,local-8ee3dfeb-7fd3-49d0-ad27-8d7e29d6db59,139.27,832,2026-05-13 09:30:00,local-bd18f7be-c87b-48d6-858e-8272a7e603aa,PROFIT,141.935,832,2026-05-13 13:01:00,2217.28,1.9135
2026-05-13 10:02:00,BUY,SPXU,0.54,,,,,,,,,,,
2026-05-13 10:02:00,SELL,SPY,0.62,,,,,,,,,,,
2026-05-13 10:02:00,SELL,UPRO,0.56,,,,,,,,,,,
2026-05-13 10:04:00,BUY,SPXU,0.55,,,,,,,,,,,
2026-05-13 10:04:00,SELL,SPY,0.6,,,,,,,,,,,
2026-05-13 10:26:00,BUY,SPXU,0.61,,,,,,,,,,,
2026-05-13 10:26:00,SELL,SPY,0.59,,,,,,,,,,,
2026-05-13 10:26:00,SELL,UPRO,0.64,,,,,,,,,,,
2026-05-13 10:31:00,BUY,SPXU,0.5,,,,,,,,,,,
2026-05-13 10:35:00,BUY,SPXU,0.54,,,,,,,,,,,
2026-05-13 10:35:00,SELL,SPY,0.51,,,,,,,,,,,
2026-05-13 10:35:00,SELL,UPRO,0.5,,,,,,,,,,,
2026-05-13 11:01:00,SELL,UPRO,0.66,,,,,,,,,,,
2026-05-13 11:04:00,BUY,SPXU,0.6,,,,,,,,,,,
2026-05-13 11:04:00,SELL,SPY,0.57,,,,,,,,,,,
2026-05-13 11:04:00,SELL,UPRO,0.61,,,,,,,,,,,
2026-05-13 11:44:00,BUY,SPXU,0.74,,,,,,,,,,,
2026-05-13 11:44:00,SELL,SPY,0.73,,,,,,,,,,,
2026-05-13 11:44:00,SELL,UPRO,0.74,,,,,,,,,,,
2026-05-13 12:15:00,BUY,SPXU,0.66,,,,,,,,,,,
2026-05-13 12:16:00,SELL,SPY,0.52,,,,,,,,,,,
2026-05-13 12:16:00,SELL,UPRO,0.6,,,,,,,,,,,
2026-05-13 12:18:00,SELL,UPRO,0.63,,,,,,,,,,,
,,UPRO,,local-766c72aa-0547-4581-81e7-63b5c46270ad,117.0491,908,2026-04-14 09:30:00,local-ddb1cbcd-adff-41c8-b273-f16de1c13a57,PROFIT,117.1,908,2026-04-14 09:31:00,46.2172,0.0435
